------------------------------------
SET IDENTITY_INSERT builder.ManufacturerCertifications ON

INSERT INTO builder.ManufacturerCertifications (certificationTypeId, [Name]) VALUES (1,'Audi') --
INSERT INTO builder.ManufacturerCertifications (certificationTypeId, [Name]) VALUES (2,'Ford') --
INSERT INTO builder.ManufacturerCertifications (certificationTypeId, [Name]) VALUES (3,'GMC') --
INSERT INTO builder.ManufacturerCertifications (certificationTypeId, [Name]) VALUES (4,'Nissan') --
INSERT INTO builder.ManufacturerCertifications (certificationTypeId, [Name]) VALUES (5,'Toyota') --
INSERT INTO builder.ManufacturerCertifications (certificationTypeId, [Name]) VALUES (6,'Honda') --
INSERT INTO builder.ManufacturerCertifications (certificationTypeId, [Name]) VALUES (7,'Acura') --
INSERT INTO builder.ManufacturerCertifications (certificationTypeId, [Name]) VALUES (8,'Cadillac')  -- 
INSERT INTO builder.ManufacturerCertifications (certificationTypeId, [Name]) VALUES (9,'Buick')  --
INSERT INTO builder.ManufacturerCertifications (certificationTypeId, [Name]) VALUES (10,'Chevrolet')  --
INSERT INTO builder.ManufacturerCertifications (certificationTypeId, [Name]) VALUES (11,'Chrysler')  --
INSERT INTO builder.ManufacturerCertifications (certificationTypeId, [Name]) VALUES (12,'Dodge')  --
INSERT INTO builder.ManufacturerCertifications (certificationTypeId, [Name]) VALUES (13,'Hyundai')  
INSERT INTO builder.ManufacturerCertifications (certificationTypeId, [Name]) VALUES (14,'Infiniti') --  
INSERT INTO builder.ManufacturerCertifications (certificationTypeId, [Name]) VALUES (15,'Jeep')  --
INSERT INTO builder.ManufacturerCertifications (certificationTypeId, [Name]) VALUES (16,'Lexus')  --
INSERT INTO builder.ManufacturerCertifications (certificationTypeId, [Name]) VALUES (17,'BMW')  --
INSERT INTO builder.ManufacturerCertifications (certificationTypeId, [Name]) VALUES (18,'Mercedes-Benz')   --
INSERT INTO builder.ManufacturerCertifications (certificationTypeId, [Name]) VALUES (19,'Lincoln')  --
INSERT INTO builder.ManufacturerCertifications (certificationTypeId, [Name]) VALUES (20,'Mazda')  -- 
INSERT INTO builder.ManufacturerCertifications (certificationTypeId, [Name]) VALUES (21,'Mercury')  --
INSERT INTO builder.ManufacturerCertifications (certificationTypeId, [Name]) VALUES (22,'Mitsubishi')  --
INSERT INTO builder.ManufacturerCertifications (certificationTypeId, [Name]) VALUES (23,'Oldsmobile')  --
INSERT INTO builder.ManufacturerCertifications (certificationTypeId, [Name]) VALUES (24,'Pontiac')  --
INSERT INTO builder.ManufacturerCertifications (certificationTypeId, [Name]) VALUES (25,'Saab')  --
INSERT INTO builder.ManufacturerCertifications (certificationTypeId, [Name]) VALUES (26,'Saturn')  --
INSERT INTO builder.ManufacturerCertifications (certificationTypeId, [Name]) VALUES (27,'Scion')  --
INSERT INTO builder.ManufacturerCertifications (certificationTypeId, [Name]) VALUES (28,'Suzuki')  --
INSERT INTO builder.ManufacturerCertifications (certificationTypeId, [Name]) VALUES (29,'Volkswagen')--  
INSERT INTO builder.ManufacturerCertifications (certificationTypeId, [Name]) VALUES (30,'Volvo')  --
INSERT INTO builder.ManufacturerCertifications (certificationTypeId, [Name]) VALUES (31,'Hummer')  --
INSERT INTO builder.ManufacturerCertifications (certificationTypeId, [Name]) VALUES (32,'MINI')  --


  
SET IDENTITY_INSERT builder.ManufacturerCertifications OFF
------------------------------------

---insert certification titles---
insert into builder.certificationFeatureTypes (certificationFeatureTypeId, title) VALUES (1,'CPO Description')
insert into builder.certificationFeatureTypes (certificationFeatureTypeId, title) VALUES (2,'Dealer Description')
insert into builder.certificationFeatureTypes (certificationFeatureTypeId, title) VALUES (3,'Basic Warranty')
insert into builder.certificationFeatureTypes (certificationFeatureTypeId, title) VALUES (4,'Drivetrain Warranty')
insert into builder.certificationFeatureTypes (certificationFeatureTypeId, title) VALUES (5,'Additional Warranty')
insert into builder.certificationFeatureTypes (certificationFeatureTypeId, title) VALUES (6,'Extended Warranty')
insert into builder.certificationFeatureTypes (certificationFeatureTypeId, title) VALUES (7,'Corrosion Protection')
insert into builder.certificationFeatureTypes (certificationFeatureTypeId, title) VALUES (8,'Warranty Upgrades')
insert into builder.certificationFeatureTypes (certificationFeatureTypeId, title) VALUES (9,'Customer Service')
insert into builder.certificationFeatureTypes (certificationFeatureTypeId, title) VALUES (10,'Deductible')
insert into builder.certificationFeatureTypes (certificationFeatureTypeId, title) VALUES (11,'Financing')
insert into builder.certificationFeatureTypes (certificationFeatureTypeId, title) VALUES (12,'Return')
insert into builder.certificationFeatureTypes (certificationFeatureTypeId, title) VALUES (13,'History')
insert into builder.certificationFeatureTypes (certificationFeatureTypeId, title) VALUES (14,'Inspection')
insert into builder.certificationFeatureTypes (certificationFeatureTypeId, title) VALUES (15,'Loaner')
insert into builder.certificationFeatureTypes (certificationFeatureTypeId, title) VALUES (16,'Other')
insert into builder.certificationFeatureTypes (certificationFeatureTypeId, title) VALUES (17,'Roadside Assistance')
insert into builder.certificationFeatureTypes (certificationFeatureTypeId, title) VALUES (18,'Transferrable')
insert into builder.certificationFeatureTypes (certificationFeatureTypeId, title) VALUES (19,'Trials')
insert into builder.certificationFeatureTypes (certificationFeatureTypeId, title) VALUES (20,'Trip-interruption')
insert into builder.certificationFeatureTypes (certificationFeatureTypeId, title) VALUES (21,'Trip-planning')

--------------------------------------------------------------------------------------------------------------------------------------------------------------------------------------------------------- ----------------------------------------------------------------------------------------------------------------------------------------------------------------------------------------------------------------------------------------------------------------
INSERT INTO builder.certificationFeatures (businessUnitId,certificationTypeId, certificationFeatureTypeId, description) 
	VALUES (100150,3,5,'12-Month/12,000-Mile Bumper-to-Bumper Warranty')
INSERT INTO builder.certificationFeatures (businessUnitId,certificationTypeId, certificationFeatureTypeId, description) 
	VALUES (100150,3,4,'100,000-Mile/5-Year* Powertrain Limited Warranty')
INSERT INTO builder.certificationFeatures (businessUnitId,certificationTypeId, certificationFeatureTypeId, description) 
	VALUES (100150,3,14,'117-Point Inspection')
INSERT INTO builder.certificationFeatures (businessUnitId,certificationTypeId, certificationFeatureTypeId, description) 
	VALUES (100150,3,13,'Vehicle History Report')
INSERT INTO builder.certificationFeatures (businessUnitId,certificationTypeId, certificationFeatureTypeId, description) 
	VALUES (100150,3,11,'Financing that Fits')
INSERT INTO builder.certificationFeatures (businessUnitId,certificationTypeId, certificationFeatureTypeId, description) 
	VALUES (100150,3,12,'3-Day/150-Mile Satisfaction Guarantee Exchange Policy')
INSERT INTO builder.certificationFeatures (businessUnitId,certificationTypeId, certificationFeatureTypeId, description) 
	VALUES (100150,3,20,'Trip-interruption services')
INSERT INTO builder.certificationFeatures (businessUnitId,certificationTypeId, certificationFeatureTypeId, description) 
	VALUES (100150,3,17,'24/7 roadside assistance for 5 Years/100,000 miles')
INSERT INTO builder.certificationFeatures (businessUnitId,certificationTypeId, certificationFeatureTypeId, description) 
	VALUES (100150,3,10,'No Deductible, transferrable to subsequent owners')
INSERT INTO builder.certificationFeatures (businessUnitId,certificationTypeId, certificationFeatureTypeId, description) 
	VALUES (100150,6,5,'Additional 1-year/12,000-mile Non-Powertrain Warranty')
INSERT INTO builder.certificationFeatures (businessUnitId,certificationTypeId, certificationFeatureTypeId, description) 
	VALUES (100150,6,4,'Balance of original 7-year/100,000-Mile Powertrain Warranty')
INSERT INTO builder.certificationFeatures (businessUnitId,certificationTypeId, certificationFeatureTypeId, description) 
	VALUES (100150,6,10,'No Deductible')
INSERT INTO builder.certificationFeatures (businessUnitId,certificationTypeId, certificationFeatureTypeId, description) 
	VALUES (100150,6,14,'150-Point Mechanical and Appearance Inspection and Reconditioning')
INSERT INTO builder.certificationFeatures (businessUnitId,certificationTypeId, certificationFeatureTypeId, description) 
	VALUES (100150,6,13,'Vehicle History Report')
INSERT INTO builder.certificationFeatures (businessUnitId,certificationTypeId, certificationFeatureTypeId, description) 
	VALUES (100150,7,5,'Additional 1-year/12,000-mile Non-Powertrain Warranty')
INSERT INTO builder.certificationFeatures (businessUnitId,certificationTypeId, certificationFeatureTypeId, description) 
	VALUES (100150,7,4,'Balance of original 7-year/100,000-Mile Powertrain Warranty')
INSERT INTO builder.certificationFeatures (businessUnitId,certificationTypeId, certificationFeatureTypeId, description) 
	VALUES (100150,7,10,'No Deductible')
INSERT INTO builder.certificationFeatures (businessUnitId,certificationTypeId, certificationFeatureTypeId, description) 
	VALUES (100150,7,14,'150-point Inspection and Reconditioning')
INSERT INTO builder.certificationFeatures (businessUnitId,certificationTypeId, certificationFeatureTypeId, description) 
	VALUES (100150,7,12,'3 day exchange available')
INSERT INTO builder.certificationFeatures (businessUnitId,certificationTypeId, certificationFeatureTypeId, description) 
	VALUES (100150,7,17,'24/7 Roadside Assistance')
INSERT INTO builder.certificationFeatures (businessUnitId,certificationTypeId, certificationFeatureTypeId, description) 
	VALUES (100150,7,20,'Trip-interruption services')
INSERT INTO builder.certificationFeatures (businessUnitId,certificationTypeId, certificationFeatureTypeId, description) 
	VALUES (100150,1,5,'2-year/50,000 mile Warranty Plus Balance of 4-year/50,000-mile Factory Warranty')
INSERT INTO builder.certificationFeatures (businessUnitId,certificationTypeId, certificationFeatureTypeId, description) 
	VALUES (100150,1,7,'Balance of Original 12-year Corrosion Warranty')
INSERT INTO builder.certificationFeatures (businessUnitId,certificationTypeId, certificationFeatureTypeId, description) 
	VALUES (100150,1,10,'$50 Deductible')
INSERT INTO builder.certificationFeatures (businessUnitId,certificationTypeId, certificationFeatureTypeId, description) 
	VALUES (100150,1,14,'300+ Point Inspection and Certification')
INSERT INTO builder.certificationFeatures (businessUnitId,certificationTypeId, certificationFeatureTypeId, description) 
	VALUES (100150,1,13,'Vehicle History Report')
INSERT INTO builder.certificationFeatures (businessUnitId,certificationTypeId, certificationFeatureTypeId, description) 
	VALUES (100150,1,17,'24/7 Roadside Assistance')
INSERT INTO builder.certificationFeatures (businessUnitId,certificationTypeId, certificationFeatureTypeId, description) 
	VALUES (100150,1,20,'Trip-interruption Services')
INSERT INTO builder.certificationFeatures (businessUnitId,certificationTypeId, certificationFeatureTypeId, description) 
	VALUES (100150,1,21,'Trip-planning Services')
INSERT INTO builder.certificationFeatures (businessUnitId,certificationTypeId, certificationFeatureTypeId, description) 
	VALUES (100150,1,9,'24-hour Customer Service Support')
INSERT INTO builder.certificationFeatures (businessUnitId,certificationTypeId, certificationFeatureTypeId, description) 
	VALUES (100150,1,15,'Complimentary service loaner')
INSERT INTO builder.certificationFeatures (businessUnitId,certificationTypeId, certificationFeatureTypeId, description) 
	VALUES (100150,1,12,'Return policy')
INSERT INTO builder.certificationFeatures (businessUnitId,certificationTypeId, certificationFeatureTypeId, description) 
	VALUES (100150,8,5,'Balance of Original 6-year/100,000-mile Comprehensive Warranty')
INSERT INTO builder.certificationFeatures (businessUnitId,certificationTypeId, certificationFeatureTypeId, description) 
	VALUES (100150,8,10,'No deductible')
INSERT INTO builder.certificationFeatures (businessUnitId,certificationTypeId, certificationFeatureTypeId, description) 
	VALUES (100150,8,14,'112-point inspection and reconditioning')
INSERT INTO builder.certificationFeatures (businessUnitId,certificationTypeId, certificationFeatureTypeId, description) 
	VALUES (100150,8,17,'24/7 Roadside Assistance')
INSERT INTO builder.certificationFeatures (businessUnitId,certificationTypeId, certificationFeatureTypeId, description) 
	VALUES (100150,8,20,'Trip-interruption Services')
INSERT INTO builder.certificationFeatures (businessUnitId,certificationTypeId, certificationFeatureTypeId, description) 
	VALUES (100150,8,9,'24-hour consumer relations center hot line and free OnStar service for six months')
INSERT INTO builder.certificationFeatures (businessUnitId,certificationTypeId, certificationFeatureTypeId, description) 
	VALUES (100150,9,4,'5-Year/100,000-Mile Powertrain Limited Warranty from Original In-Service Date')
INSERT INTO builder.certificationFeatures (businessUnitId,certificationTypeId, certificationFeatureTypeId, description) 
	VALUES (100150,9,5,'12-Month/12,000-Mile Bumper-to-Bumper Warranty')
INSERT INTO builder.certificationFeatures (businessUnitId,certificationTypeId, certificationFeatureTypeId, description) 
	VALUES (100150,9,14,'117-Point Inspection and Reconditioning')
INSERT INTO builder.certificationFeatures (businessUnitId,certificationTypeId, certificationFeatureTypeId, description) 
	VALUES (100150,9,13,'Vehicle History Report')
INSERT INTO builder.certificationFeatures (businessUnitId,certificationTypeId, certificationFeatureTypeId, description) 
	VALUES (100150,9,12,'3-Day/150-Mile Satisfaction Guarantee Exchange Policy')
INSERT INTO builder.certificationFeatures (businessUnitId,certificationTypeId, certificationFeatureTypeId, description) 
	VALUES (100150,9,20,'Trip-interruption services')
INSERT INTO builder.certificationFeatures (businessUnitId,certificationTypeId, certificationFeatureTypeId, description) 
	VALUES (100150,9,17,'24/7 roadside assistance for 5 Years/100,000 miles')
INSERT INTO builder.certificationFeatures (businessUnitId,certificationTypeId, certificationFeatureTypeId, description) 
	VALUES (100150,9,10,'No Deductible, transferrable to subsequent owners')
INSERT INTO builder.certificationFeatures (businessUnitId,certificationTypeId, certificationFeatureTypeId, description) 
	VALUES (100150,10,4,'5-Year/100,000-Mile Powertrain Limited Warranty from Original In-Service Date')
INSERT INTO builder.certificationFeatures (businessUnitId,certificationTypeId, certificationFeatureTypeId, description) 
	VALUES (100150,10,5,'12-Month/12,000-Mile Bumper-to-Bumper Warranty')
INSERT INTO builder.certificationFeatures (businessUnitId,certificationTypeId, certificationFeatureTypeId, description) 
	VALUES (100150,10,14,'117-Point Inspection and Reconditioning')
INSERT INTO builder.certificationFeatures (businessUnitId,certificationTypeId, certificationFeatureTypeId, description) 
	VALUES (100150,10,13,'Vehicle History Report')
INSERT INTO builder.certificationFeatures (businessUnitId,certificationTypeId, certificationFeatureTypeId, description) 
	VALUES (100150,10,12,'3-Day/150-Mile Satisfaction Guarantee Exchange Policy')
INSERT INTO builder.certificationFeatures (businessUnitId,certificationTypeId, certificationFeatureTypeId, description) 
	VALUES (100150,10,20,'Trip-interruption services')
INSERT INTO builder.certificationFeatures (businessUnitId,certificationTypeId, certificationFeatureTypeId, description) 
	VALUES (100150,10,17,'24/7 roadside assistance for 5 Years/100,000 miles')
INSERT INTO builder.certificationFeatures (businessUnitId,certificationTypeId, certificationFeatureTypeId, description) 
	VALUES (100150,10,10,'No Deductible, transferrable to subsequent owners')
INSERT INTO builder.certificationFeatures (businessUnitId,certificationTypeId, certificationFeatureTypeId, description) 
	VALUES (100150,11,3,'Balance of original 3-year/36,000-Mile Basic Warranty')
INSERT INTO builder.certificationFeatures (businessUnitId,certificationTypeId, certificationFeatureTypeId, description) 
	VALUES (100150,11,4,'8-Year/80,000-Mile Powertrain warranty, running from the original date of sale or at the expiration of the 3-year/36,000-Mile Warranty')
INSERT INTO builder.certificationFeatures (businessUnitId,certificationTypeId, certificationFeatureTypeId, description) 
	VALUES (100150,11,5,'3-Month/3,000-Mile Maximum Care Warranty, running from the date of sale or at the expiration of the 3-year/36,000-Mile Warranty')
INSERT INTO builder.certificationFeatures (businessUnitId,certificationTypeId, certificationFeatureTypeId, description) 
	VALUES (100150,11,14,'125-Point Inspection and Reconditioning')
INSERT INTO builder.certificationFeatures (businessUnitId,certificationTypeId, certificationFeatureTypeId, description) 
	VALUES (100150,11,13,'Vehicle History Report')
INSERT INTO builder.certificationFeatures (businessUnitId,certificationTypeId, certificationFeatureTypeId, description) 
	VALUES (100150,11,17,'24-Hour Roadside Assistance, 24-Hour Towing')
INSERT INTO builder.certificationFeatures (businessUnitId,certificationTypeId, certificationFeatureTypeId, description) 
	VALUES (100150,11,9,'Owner Loyalty Communications and Service Coupons')
INSERT INTO builder.certificationFeatures (businessUnitId,certificationTypeId, certificationFeatureTypeId, description) 
	VALUES (100150,11,15,'Rental car')
INSERT INTO builder.certificationFeatures (businessUnitId,certificationTypeId, certificationFeatureTypeId, description) 
	VALUES (100150,12,3,'Balance of original 3-year/36,000-Mile Basic Warranty')
INSERT INTO builder.certificationFeatures (businessUnitId,certificationTypeId, certificationFeatureTypeId, description) 
	VALUES (100150,12,4,'8-Year/80,000-Mile Powertrain warranty, running from the original date of sale or at the expiration of the 3-year/36,000-Mile Warranty')
INSERT INTO builder.certificationFeatures (businessUnitId,certificationTypeId, certificationFeatureTypeId, description) 
	VALUES (100150,12,5,'3-Month/3,000-Mile Maximum Care Warranty Available, running from the date of sale or at the expiration of the 3-year/36,000-Mile Warranty')
INSERT INTO builder.certificationFeatures (businessUnitId,certificationTypeId, certificationFeatureTypeId, description) 
	VALUES (100150,12,14,'125-Point Inspection and Reconditioning')
INSERT INTO builder.certificationFeatures (businessUnitId,certificationTypeId, certificationFeatureTypeId, description) 
	VALUES (100150,12,13,'Vehicle History Report')
INSERT INTO builder.certificationFeatures (businessUnitId,certificationTypeId, certificationFeatureTypeId, description) 
	VALUES (100150,12,17,'24-Hour Roadside Assistance, 24-Hour Towing')
INSERT INTO builder.certificationFeatures (businessUnitId,certificationTypeId, certificationFeatureTypeId, description) 
	VALUES (100150,12,9,'Owner Loyalty Communications and Service Coupons')
INSERT INTO builder.certificationFeatures (businessUnitId,certificationTypeId, certificationFeatureTypeId, description) 
	VALUES (100150,12,15,'Rental car')
INSERT INTO builder.certificationFeatures (businessUnitId,certificationTypeId, certificationFeatureTypeId, description) 
	VALUES (100150,2,4,'6-Year/100,000-Mile Powertrain Warranty')
INSERT INTO builder.certificationFeatures (businessUnitId,certificationTypeId, certificationFeatureTypeId, description) 
	VALUES (100150,2,5,'3-Month/3,000-Mile Comprehensive Limited Warranty')
INSERT INTO builder.certificationFeatures (businessUnitId,certificationTypeId, certificationFeatureTypeId, description) 
	VALUES (100150,2,8,'Several Warranty Upgrades Available')
INSERT INTO builder.certificationFeatures (businessUnitId,certificationTypeId, certificationFeatureTypeId, description) 
	VALUES (100150,2,10,'$100 Deductible')
INSERT INTO builder.certificationFeatures (businessUnitId,certificationTypeId, certificationFeatureTypeId, description) 
	VALUES (100150,2,14,'169-Point Inspection and Reconditioning')
INSERT INTO builder.certificationFeatures (businessUnitId,certificationTypeId, certificationFeatureTypeId, description) 
	VALUES (100150,2,13,'Vehicle History Overview Report')
INSERT INTO builder.certificationFeatures (businessUnitId,certificationTypeId, certificationFeatureTypeId, description) 
	VALUES (100150,2,17,'24/7 Roadside Assistance')
INSERT INTO builder.certificationFeatures (businessUnitId,certificationTypeId, certificationFeatureTypeId, description) 
	VALUES (100150,2,20,'Trip-interruption Services')
INSERT INTO builder.certificationFeatures (businessUnitId,certificationTypeId, certificationFeatureTypeId, description) 
	VALUES (100150,2,9,'24-Hour Customer Assistance, travel reimbursement of up to $500, and destination expense reimbursement of up to $500')
INSERT INTO builder.certificationFeatures (businessUnitId,certificationTypeId, certificationFeatureTypeId, description) 
	VALUES (100150,2,15,'Rental car')
INSERT INTO builder.certificationFeatures (businessUnitId,certificationTypeId, certificationFeatureTypeId, description) 
	VALUES (100150,15,3,'Balance of original 3-year/36,000-Mile Basic Warranty')
INSERT INTO builder.certificationFeatures (businessUnitId,certificationTypeId, certificationFeatureTypeId, description) 
	VALUES (100150,15,4,'8-Year/80,000-Mile Powertrain Limited warranty, running from the original date of sale or at the expiration of the 3-year/36,000-Mile Warranty')
INSERT INTO builder.certificationFeatures (businessUnitId,certificationTypeId, certificationFeatureTypeId, description) 
	VALUES (100150,15,5,'3-Month/3,000-Mile Maximum Care Warranty, running from the date of sale or at the expiration of the 3-year/36,000-Mile Warranty')
INSERT INTO builder.certificationFeatures (businessUnitId,certificationTypeId, certificationFeatureTypeId, description) 
	VALUES (100150,15,8,'Warranty Upgrades Available')
INSERT INTO builder.certificationFeatures (businessUnitId,certificationTypeId, certificationFeatureTypeId, description) 
	VALUES (100150,15,14,'125-Point Inspection and Reconditioning')
INSERT INTO builder.certificationFeatures (businessUnitId,certificationTypeId, certificationFeatureTypeId, description) 
	VALUES (100150,15,13,'Vehicle History Report')
INSERT INTO builder.certificationFeatures (businessUnitId,certificationTypeId, certificationFeatureTypeId, description) 
	VALUES (100150,15,17,'24-Hour Roadside Assistance, 24-Hour Towing')
INSERT INTO builder.certificationFeatures (businessUnitId,certificationTypeId, certificationFeatureTypeId, description) 
	VALUES (100150,15,9,'Owner Loyalty Communications and Service Coupons')
INSERT INTO builder.certificationFeatures (businessUnitId,certificationTypeId, certificationFeatureTypeId, description) 
	VALUES (100150,15,15,'Rental car')
INSERT INTO builder.certificationFeatures (businessUnitId,certificationTypeId, certificationFeatureTypeId, description) 
	VALUES (100150,5,4,'7-Years/100,000-Mile Powertrain Warranty from original in-service date')
INSERT INTO builder.certificationFeatures (businessUnitId,certificationTypeId, certificationFeatureTypeId, description) 
	VALUES (100150,5,5,'3-Month/3,000-Mile Comprehensive Warranty from date of purchase')
INSERT INTO builder.certificationFeatures (businessUnitId,certificationTypeId, certificationFeatureTypeId, description) 
	VALUES (100150,5,10,'$50 Deductible')
INSERT INTO builder.certificationFeatures (businessUnitId,certificationTypeId, certificationFeatureTypeId, description) 
	VALUES (100150,5,14,'160-Point Inspection and Reconditioning')
INSERT INTO builder.certificationFeatures (businessUnitId,certificationTypeId, certificationFeatureTypeId, description) 
	VALUES (100150,5,13,'Vehicle History Report')
INSERT INTO builder.certificationFeatures (businessUnitId,certificationTypeId, certificationFeatureTypeId, description) 
	VALUES (100150,5,17,'24-Hour Roadside Assistance')
INSERT INTO builder.certificationFeatures (businessUnitId,certificationTypeId, certificationFeatureTypeId, description) 
	VALUES (100150,5,20,'Travel protection')
INSERT INTO builder.certificationFeatures (businessUnitId,certificationTypeId, certificationFeatureTypeId, description) 
	VALUES (100150,5,9,'Toll-free Assistance Line')
INSERT INTO builder.certificationFeatures (businessUnitId,certificationTypeId, certificationFeatureTypeId, description) 
	VALUES (100150,16,4,'3-Year/100,000-Mile Warranty from date of pre-owned sale')
INSERT INTO builder.certificationFeatures (businessUnitId,certificationTypeId, certificationFeatureTypeId, description) 
	VALUES (100150,16,10,'No Deductible')
INSERT INTO builder.certificationFeatures (businessUnitId,certificationTypeId, certificationFeatureTypeId, description) 
	VALUES (100150,16,14,'161-Point Inspection and Reconditioning')
INSERT INTO builder.certificationFeatures (businessUnitId,certificationTypeId, certificationFeatureTypeId, description) 
	VALUES (100150,16,13,'Vehicle History Report')
INSERT INTO builder.certificationFeatures (businessUnitId,certificationTypeId, certificationFeatureTypeId, description) 
	VALUES (100150,16,17,'24-Hour Roadside Assistance')
INSERT INTO builder.certificationFeatures (businessUnitId,certificationTypeId, certificationFeatureTypeId, description) 
	VALUES (100150,16,20,'Trip-interruption Services')
INSERT INTO builder.certificationFeatures (businessUnitId,certificationTypeId, certificationFeatureTypeId, description) 
	VALUES (100150,16,15,'Rental car')
INSERT INTO builder.certificationFeatures (businessUnitId,certificationTypeId, certificationFeatureTypeId, description) 
	VALUES (100150,16,16,'Complimentary oil/filter change at 90 days or 5,000 miles')
INSERT INTO builder.certificationFeatures (businessUnitId,certificationTypeId, certificationFeatureTypeId, description) 
	VALUES (100150,4,4,'7-Year/100,000-Mile Powertrain Warranty from original in-service date')
INSERT INTO builder.certificationFeatures (businessUnitId,certificationTypeId, certificationFeatureTypeId, description) 
	VALUES (100150,4,10,'$50 Deductible')
INSERT INTO builder.certificationFeatures (businessUnitId,certificationTypeId, certificationFeatureTypeId, description) 
	VALUES (100150,4,14,'142-Point Inspection and Reconditioning')
INSERT INTO builder.certificationFeatures (businessUnitId,certificationTypeId, certificationFeatureTypeId, description) 
	VALUES (100150,4,13,'TitleGuard+Plus Vehicle History Report')
INSERT INTO builder.certificationFeatures (businessUnitId,certificationTypeId, certificationFeatureTypeId, description) 
	VALUES (100150,4,17,'24-Hour Roadside Assistance and Towing Assistance')
INSERT INTO builder.certificationFeatures (businessUnitId,certificationTypeId, certificationFeatureTypeId, description) 
	VALUES (100150,4,20,'Trip-interruption Services')
INSERT INTO builder.certificationFeatures (businessUnitId,certificationTypeId, certificationFeatureTypeId, description) 
	VALUES (100150,4,9,'Vehicle title insurance policy')
INSERT INTO builder.certificationFeatures (businessUnitId,certificationTypeId, certificationFeatureTypeId, description) 
	VALUES (100150,4,15,'Rental Car')
INSERT INTO builder.certificationFeatures (businessUnitId,certificationTypeId, certificationFeatureTypeId, description) 
	VALUES (100150,14,4,'72-Month/100,000-Mile Warranty from the Original In-Service Date')
INSERT INTO builder.certificationFeatures (businessUnitId,certificationTypeId, certificationFeatureTypeId, description) 
	VALUES (100150,14,9,'Elite Pre-Owned Extended Service Contract Option availble')
INSERT INTO builder.certificationFeatures (businessUnitId,certificationTypeId, certificationFeatureTypeId, description) 
	VALUES (100150,14,10,'$50 Deductible')
INSERT INTO builder.certificationFeatures (businessUnitId,certificationTypeId, certificationFeatureTypeId, description) 
	VALUES (100150,14,14,'145-Point Inspection and Reconditioning')
INSERT INTO builder.certificationFeatures (businessUnitId,certificationTypeId, certificationFeatureTypeId, description) 
	VALUES (100150,14,17,'24-Hour Roadside Assistance')
INSERT INTO builder.certificationFeatures (businessUnitId,certificationTypeId, certificationFeatureTypeId, description) 
	VALUES (100150,14,20,'Trip-interruption Services')
INSERT INTO builder.certificationFeatures (businessUnitId,certificationTypeId, certificationFeatureTypeId, description) 
	VALUES (100150,14,9,'Lockout Assistance and Repair')
INSERT INTO builder.certificationFeatures (businessUnitId,certificationTypeId, certificationFeatureTypeId, description) 
	VALUES (100150,17,5,'Up to 2-Years/50,000-Miles plus balance of original warranty (4-Year/50,000-Miles)')
INSERT INTO builder.certificationFeatures (businessUnitId,certificationTypeId, certificationFeatureTypeId, description) 
	VALUES (100150,17,10,'$50 handling fee')
INSERT INTO builder.certificationFeatures (businessUnitId,certificationTypeId, certificationFeatureTypeId, description) 
	VALUES (100150,17,14,'Comprehensive inspection and reconditioning')
INSERT INTO builder.certificationFeatures (businessUnitId,certificationTypeId, certificationFeatureTypeId, description) 
	VALUES (100150,17,12,'Return program')
INSERT INTO builder.certificationFeatures (businessUnitId,certificationTypeId, certificationFeatureTypeId, description) 
	VALUES (100150,17,17,'24-hour Roadside Assistance')
INSERT INTO builder.certificationFeatures (businessUnitId,certificationTypeId, certificationFeatureTypeId, description) 
	VALUES (100150,17,20,'Trip-interruption Services')
INSERT INTO builder.certificationFeatures (businessUnitId,certificationTypeId, certificationFeatureTypeId, description) 
	VALUES (100150,17,21,'Trip-planning Services')
INSERT INTO builder.certificationFeatures (businessUnitId,certificationTypeId, certificationFeatureTypeId, description) 
	VALUES (100150,18,5,'1-Year (begins when the remainder of the new-vehicle coverage from original purchase ends)/100,000-Miles Warranty')
INSERT INTO builder.certificationFeatures (businessUnitId,certificationTypeId, certificationFeatureTypeId, description) 
	VALUES (100150,18,10,'No decuctible')
INSERT INTO builder.certificationFeatures (businessUnitId,certificationTypeId, certificationFeatureTypeId, description) 
	VALUES (100150,18,14,'Rigorous Inspection by Factory Certified Technicians')
INSERT INTO builder.certificationFeatures (businessUnitId,certificationTypeId, certificationFeatureTypeId, description) 
	VALUES (100150,18,13,'Carfax Vehicle History Report')
INSERT INTO builder.certificationFeatures (businessUnitId,certificationTypeId, certificationFeatureTypeId, description) 
	VALUES (100150,18,12,'Exchange Privilege for 7 days or 500 miles, whichever comes first')
INSERT INTO builder.certificationFeatures (businessUnitId,certificationTypeId, certificationFeatureTypeId, description) 
	VALUES (100150,18,17,'24/7 Roadside Assistance')
INSERT INTO builder.certificationFeatures (businessUnitId,certificationTypeId, certificationFeatureTypeId, description) 
	VALUES (100150,18,20,'Trip-interruption Services')
INSERT INTO builder.certificationFeatures (businessUnitId,certificationTypeId, certificationFeatureTypeId, description) 
	VALUES (100150,18,21,'Trip-planning Services')
INSERT INTO builder.certificationFeatures (businessUnitId,certificationTypeId, certificationFeatureTypeId, description) 
	VALUES (100150,19,5,'6-Year/100,000-Mile Lincoln premier limited warranty.')
INSERT INTO builder.certificationFeatures (businessUnitId,certificationTypeId, certificationFeatureTypeId, description) 
	VALUES (100150,19,8,'Several Warranty Upgrades Available')
INSERT INTO builder.certificationFeatures (businessUnitId,certificationTypeId, certificationFeatureTypeId, description) 
	VALUES (100150,19,14,'169-point Inspection and Reconditioning')
INSERT INTO builder.certificationFeatures (businessUnitId,certificationTypeId, certificationFeatureTypeId, description) 
	VALUES (100150,19,13,'Vehicle History Report')
INSERT INTO builder.certificationFeatures (businessUnitId,certificationTypeId, certificationFeatureTypeId, description) 
	VALUES (100150,19,17,'24-Hour Roadside Assistance')
INSERT INTO builder.certificationFeatures (businessUnitId,certificationTypeId, certificationFeatureTypeId, description) 
	VALUES (100150,19,20,'Trip-interruption Services')
INSERT INTO builder.certificationFeatures (businessUnitId,certificationTypeId, certificationFeatureTypeId, description) 
	VALUES (100150,19,21,'Trip-planning Services')
INSERT INTO builder.certificationFeatures (businessUnitId,certificationTypeId, certificationFeatureTypeId, description) 
	VALUES (100150,19,9,'24-Hour Customer Assistance, Travel Expense Reimbursement, and Destination Expense Assistance')
INSERT INTO builder.certificationFeatures (businessUnitId,certificationTypeId, certificationFeatureTypeId, description) 
	VALUES (100150,19,15,'Rental Car')
INSERT INTO builder.certificationFeatures (businessUnitId,certificationTypeId, certificationFeatureTypeId, description) 
	VALUES (100150,20,5,'48-month/50,000-mile Certified Limited Warranty')
INSERT INTO builder.certificationFeatures (businessUnitId,certificationTypeId, certificationFeatureTypeId, description) 
	VALUES (100150,20,14,'100 Point Inspection and Reconditioning')
INSERT INTO builder.certificationFeatures (businessUnitId,certificationTypeId, certificationFeatureTypeId, description) 
	VALUES (100150,20,17,'24-Hour Roadside Assistance')
INSERT INTO builder.certificationFeatures (businessUnitId,certificationTypeId, certificationFeatureTypeId, description) 
	VALUES (100150,21,4,'6-Year/100,000-Mile Powertrain Limited Warranty')
INSERT INTO builder.certificationFeatures (businessUnitId,certificationTypeId, certificationFeatureTypeId, description) 
	VALUES (100150,21,5,'3-Month/3,000-Mile Warranty')
INSERT INTO builder.certificationFeatures (businessUnitId,certificationTypeId, certificationFeatureTypeId, description) 
	VALUES (100150,21,8,'Several Warranty Upgrades Available')
INSERT INTO builder.certificationFeatures (businessUnitId,certificationTypeId, certificationFeatureTypeId, description) 
	VALUES (100150,21,10,'$100 Deductible')
INSERT INTO builder.certificationFeatures (businessUnitId,certificationTypeId, certificationFeatureTypeId, description) 
	VALUES (100150,21,14,'169-Point Inspection and Reconditioning')
INSERT INTO builder.certificationFeatures (businessUnitId,certificationTypeId, certificationFeatureTypeId, description) 
	VALUES (100150,21,13,'Vehicle History Report')
INSERT INTO builder.certificationFeatures (businessUnitId,certificationTypeId, certificationFeatureTypeId, description) 
	VALUES (100150,21,17,'24-Hour Roadside Assistance')
INSERT INTO builder.certificationFeatures (businessUnitId,certificationTypeId, certificationFeatureTypeId, description) 
	VALUES (100150,21,20,'Trip-interruption Services')
INSERT INTO builder.certificationFeatures (businessUnitId,certificationTypeId, certificationFeatureTypeId, description) 
	VALUES (100150,21,9,'24-Hour Customer Assistance')
INSERT INTO builder.certificationFeatures (businessUnitId,certificationTypeId, certificationFeatureTypeId, description) 
	VALUES (100150,22,4,'10-Year/100,000-Mile Powertrain Limited Warranty.')
INSERT INTO builder.certificationFeatures (businessUnitId,certificationTypeId, certificationFeatureTypeId, description) 
	VALUES (100150,22,5,'5-Year/60,000-Mile Bumper-to-Bumper Limited Warranty')
INSERT INTO builder.certificationFeatures (businessUnitId,certificationTypeId, certificationFeatureTypeId, description) 
	VALUES (100150,22,8,'Option to Extend Limited Warranty by 1-Year/12,000-Miles')
INSERT INTO builder.certificationFeatures (businessUnitId,certificationTypeId, certificationFeatureTypeId, description) 
	VALUES (100150,22,14,'123 Point Inspection and Reconditioning')
INSERT INTO builder.certificationFeatures (businessUnitId,certificationTypeId, certificationFeatureTypeId, description) 
	VALUES (100150,22,17,'24/7 roadside assistance (applies only to breakdown of a part covered by either warranty)')
INSERT INTO builder.certificationFeatures (businessUnitId,certificationTypeId, certificationFeatureTypeId, description) 
	VALUES (100150,23,4,'5-Year/100,000-Mile Powertrain Warranty')
INSERT INTO builder.certificationFeatures (businessUnitId,certificationTypeId, certificationFeatureTypeId, description) 
	VALUES (100150,23,5,'12-Month/12,000-Mile Bumper-to-Bumper Warranty')
INSERT INTO builder.certificationFeatures (businessUnitId,certificationTypeId, certificationFeatureTypeId, description) 
	VALUES (100150,23,10,'No Deductible')

INSERT INTO builder.certificationFeatures (businessUnitId,certificationTypeId, certificationFeatureTypeId, description) 
	VALUES (100150,23,18,'Transferrable to Subsequent Owners')
INSERT INTO builder.certificationFeatures (businessUnitId,certificationTypeId, certificationFeatureTypeId, description) 
	VALUES (100150,23,14,'117-Point Inspection and Reconditioning')
INSERT INTO builder.certificationFeatures (businessUnitId,certificationTypeId, certificationFeatureTypeId, description) 
	VALUES (100150,23,13,'Vehicle History Report')
INSERT INTO builder.certificationFeatures (businessUnitId,certificationTypeId, certificationFeatureTypeId, description) 
	VALUES (100150,23,12,'3-Day/150-Mile Customer Satisfaction Guarantee for Return/Exchange')
INSERT INTO builder.certificationFeatures (businessUnitId,certificationTypeId, certificationFeatureTypeId, description) 
	VALUES (100150,23,17,'5-Year/100,000-Mile 24/7 Roadside Assistance')
INSERT INTO builder.certificationFeatures (businessUnitId,certificationTypeId, certificationFeatureTypeId, description) 
	VALUES (100150,23,15,'5-Year/100,000-Mile 24/7 Courtesy Transportation')
INSERT INTO builder.certificationFeatures (businessUnitId,certificationTypeId, certificationFeatureTypeId, description) 
	VALUES (100150,24,5,'12-Month/12,000-Mile Bumper-to-Bumper Warranty')
INSERT INTO builder.certificationFeatures (businessUnitId,certificationTypeId, certificationFeatureTypeId, description) 
	VALUES (100150,24,4,'5-Year/100,000-Mile Powertrain Limited Warranty from Original In-Service Date')
INSERT INTO builder.certificationFeatures (businessUnitId,certificationTypeId, certificationFeatureTypeId, description) 
	VALUES (100150,24,14,'117-Point Inspection and Reconditioning')
INSERT INTO builder.certificationFeatures (businessUnitId,certificationTypeId, certificationFeatureTypeId, description) 
	VALUES (100150,24,13,'Vehicle History Report')
INSERT INTO builder.certificationFeatures (businessUnitId,certificationTypeId, certificationFeatureTypeId, description) 
	VALUES (100150,24,12,'3-Day/150-Mile Satisfaction Guarantee Exchange Policy')
INSERT INTO builder.certificationFeatures (businessUnitId,certificationTypeId, certificationFeatureTypeId, description) 
	VALUES (100150,24,20,'Trip-interruption services')
INSERT INTO builder.certificationFeatures (businessUnitId,certificationTypeId, certificationFeatureTypeId, description) 
	VALUES (100150,24,17,'24/7 roadside assistance for 5 Years/100,000 miles')
INSERT INTO builder.certificationFeatures (businessUnitId,certificationTypeId, certificationFeatureTypeId, description) 
	VALUES (100150,24,15,'Courtesy Transportation for 5 Years/100,000 miles')
INSERT INTO builder.certificationFeatures (businessUnitId,certificationTypeId, certificationFeatureTypeId, description) 
	VALUES (100150,24,10,'No Deductible')
INSERT INTO builder.certificationFeatures (businessUnitId,certificationTypeId, certificationFeatureTypeId, description) 
	VALUES (100150,24,18,'Transferrable to Subsequent Owners')
INSERT INTO builder.certificationFeatures (businessUnitId,certificationTypeId, certificationFeatureTypeId, description) 
	VALUES (100150,25,7,'6-Year/Unlimited Mileage Anti-Corrosion Protection')
INSERT INTO builder.certificationFeatures (businessUnitId,certificationTypeId, certificationFeatureTypeId, description) 
	VALUES (100150,25,5,'6-Year/100,000-Mile Limited Warranty from Original In-Service Date')
INSERT INTO builder.certificationFeatures (businessUnitId,certificationTypeId, certificationFeatureTypeId, description) 
	VALUES (100150,25,14,'117-Point Inspection and Reconditioning')
INSERT INTO builder.certificationFeatures (businessUnitId,certificationTypeId, certificationFeatureTypeId, description) 
	VALUES (100150,25,13,'Carfax Vehicle History Report')
INSERT INTO builder.certificationFeatures (businessUnitId,certificationTypeId, certificationFeatureTypeId, description) 
	VALUES (100150,25,17,'24-Hour Roadside Assistance')
INSERT INTO builder.certificationFeatures (businessUnitId,certificationTypeId, certificationFeatureTypeId, description) 
	VALUES (100150,26,5,'12-Month/12,000-Mile Bumper-to-Bumper Warranty')
INSERT INTO builder.certificationFeatures (businessUnitId,certificationTypeId, certificationFeatureTypeId, description) 
	VALUES (100150,26,4,'5-Year/100,000-Mile Powertrain Limited Warranty from Original In-Service Date')
INSERT INTO builder.certificationFeatures (businessUnitId,certificationTypeId, certificationFeatureTypeId, description) 
	VALUES (100150,26,14,'117-Point Inspection and Reconditioning')
INSERT INTO builder.certificationFeatures (businessUnitId,certificationTypeId, certificationFeatureTypeId, description) 
	VALUES (100150,26,17,'24/7 roadside assistance for 5 Years/100,000 miles')
INSERT INTO builder.certificationFeatures (businessUnitId,certificationTypeId, certificationFeatureTypeId, description) 
	VALUES (100150,26,19,'3-Month OnStar Trial Period, 3-Month XM Radio Trial Period')
INSERT INTO builder.certificationFeatures (businessUnitId,certificationTypeId, certificationFeatureTypeId, description) 
	VALUES (100150,27,4,'7-Years/100,000-Mile Powertrain Warranty from original in-service date')
INSERT INTO builder.certificationFeatures (businessUnitId,certificationTypeId, certificationFeatureTypeId, description) 
	VALUES (100150,27,5,'3-Month/3,000-Mile Comprehensive Warranty from date of purchase')
INSERT INTO builder.certificationFeatures (businessUnitId,certificationTypeId, certificationFeatureTypeId, description) 
	VALUES (100150,27,10,'$50 Deductible')
INSERT INTO builder.certificationFeatures (businessUnitId,certificationTypeId, certificationFeatureTypeId, description) 
	VALUES (100150,27,14,'160-Point Inspection and Reconditioning')
INSERT INTO builder.certificationFeatures (businessUnitId,certificationTypeId, certificationFeatureTypeId, description) 
	VALUES (100150,27,13,'Vehicle History Report')
INSERT INTO builder.certificationFeatures (businessUnitId,certificationTypeId, certificationFeatureTypeId, description) 
	VALUES (100150,27,17,'7-Year/100,000 Mile 24-Hour Roadside Assistance')
INSERT INTO builder.certificationFeatures (businessUnitId,certificationTypeId, certificationFeatureTypeId, description) 
	VALUES (100150,27,20,'Travel protection')
INSERT INTO builder.certificationFeatures (businessUnitId,certificationTypeId, certificationFeatureTypeId, description) 
	VALUES (100150,27,9,'Toll-free Assistance Line')
INSERT INTO builder.certificationFeatures (businessUnitId,certificationTypeId, certificationFeatureTypeId, description) 
	VALUES (100150,27,15,'Rental Car')
INSERT INTO builder.certificationFeatures (businessUnitId,certificationTypeId, certificationFeatureTypeId, description) 
	VALUES (100150,28,3,'1-Year/12,000-Mile Basic Warranty Plus Balance of Original 3-Year/36,000-Mile Warranty')
INSERT INTO builder.certificationFeatures (businessUnitId,certificationTypeId, certificationFeatureTypeId, description) 
	VALUES (100150,28,14,'144-Point Inspection and Reconditioning')
INSERT INTO builder.certificationFeatures (businessUnitId,certificationTypeId, certificationFeatureTypeId, description) 
	VALUES (100150,28,13,'Vehicle History Report')
INSERT INTO builder.certificationFeatures (businessUnitId,certificationTypeId, certificationFeatureTypeId, description) 
	VALUES (100150,28,17,'24-Hour Roadside Assistance')
INSERT INTO builder.certificationFeatures (businessUnitId,certificationTypeId, certificationFeatureTypeId, description) 
	VALUES (100150,28,15,'Rental Car')
INSERT INTO builder.certificationFeatures (businessUnitId,certificationTypeId, certificationFeatureTypeId, description) 
	VALUES (100150,29,5,'2 years/24,000 miles from date of purchase or upon expiration of the New Vehicle Comprehensive Limited Warranty')
INSERT INTO builder.certificationFeatures (businessUnitId,certificationTypeId, certificationFeatureTypeId, description) 
	VALUES (100150,29,10,'No Deductible')
INSERT INTO builder.certificationFeatures (businessUnitId,certificationTypeId, certificationFeatureTypeId, description) 
	VALUES (100150,29,14,'112-Point Inspection and Reconditioning')
INSERT INTO builder.certificationFeatures (businessUnitId,certificationTypeId, certificationFeatureTypeId, description) 
	VALUES (100150,29,13,'Vehicle History Report')
INSERT INTO builder.certificationFeatures (businessUnitId,certificationTypeId, certificationFeatureTypeId, description) 
	VALUES (100150,29,17,'24-Hour Roadside Assistance')
INSERT INTO builder.certificationFeatures (businessUnitId,certificationTypeId, certificationFeatureTypeId, description) 
	VALUES (100150,29,20,'Trip-interruption Services')
INSERT INTO builder.certificationFeatures (businessUnitId,certificationTypeId, certificationFeatureTypeId, description) 
	VALUES (100150,29,21,'Trip-planning Services')
INSERT INTO builder.certificationFeatures (businessUnitId,certificationTypeId, certificationFeatureTypeId, description) 
	VALUES (100150,30,5,'6-Years/100,000-Miles')
INSERT INTO builder.certificationFeatures (businessUnitId,certificationTypeId, certificationFeatureTypeId, description) 
	VALUES (100150,30,10,'No deductible')
INSERT INTO builder.certificationFeatures (businessUnitId,certificationTypeId, certificationFeatureTypeId, description) 
	VALUES (100150,30,14,'130-Point Inspection and Reconditioning')
INSERT INTO builder.certificationFeatures (businessUnitId,certificationTypeId, certificationFeatureTypeId, description) 
	VALUES (100150,30,13,'Carfax Vehicle History Report')
INSERT INTO builder.certificationFeatures (businessUnitId,certificationTypeId, certificationFeatureTypeId, description) 
	VALUES (100150,30,17,'24/7 Roadside Assistance')
INSERT INTO builder.certificationFeatures (businessUnitId,certificationTypeId, certificationFeatureTypeId, description) 
	VALUES (100150,30,20,'Trip-interruption Services')
INSERT INTO builder.certificationFeatures (businessUnitId,certificationTypeId, certificationFeatureTypeId, description) 
	VALUES (100150,30,21,'Trip-planning Services')
INSERT INTO builder.certificationFeatures (businessUnitId,certificationTypeId, certificationFeatureTypeId, description) 
	VALUES (100150,30,15,'Rental Car')
INSERT INTO builder.certificationFeatures (businessUnitId,certificationTypeId, certificationFeatureTypeId, description) 
	VALUES (100150,31,5,'6-Year/100,000-Mile Comprehensive Bumper-to-Bumper Warranty from Original In-Service Date')
INSERT INTO builder.certificationFeatures (businessUnitId,certificationTypeId, certificationFeatureTypeId, description) 
	VALUES (100150,31,10,'No Deductible')
INSERT INTO builder.certificationFeatures (businessUnitId,certificationTypeId, certificationFeatureTypeId, description) 
	VALUES (100150,31,14,'112-Plus-Point Inspection')
INSERT INTO builder.certificationFeatures (businessUnitId,certificationTypeId, certificationFeatureTypeId, description) 
	VALUES (100150,31,13,'Vehicle History Report')
INSERT INTO builder.certificationFeatures (businessUnitId,certificationTypeId, certificationFeatureTypeId, description) 
	VALUES (100150,31,17,'24-Hour Roadside Assistance')
INSERT INTO builder.certificationFeatures (businessUnitId,certificationTypeId, certificationFeatureTypeId, description) 
	VALUES (100150,31,20,'Trip-interruption Services')
INSERT INTO builder.certificationFeatures (businessUnitId,certificationTypeId, certificationFeatureTypeId, description) 
	VALUES (100150,31,21,'Trip-planning Services')
INSERT INTO builder.certificationFeatures (businessUnitId,certificationTypeId, certificationFeatureTypeId, description) 
	VALUES (100150,31,9,'24-Hour Customer Relations Hotline')
-------MINI----------
INSERT INTO builder.certificationFeatures (businessUnitId,certificationTypeId, certificationFeatureTypeId, description) 
	VALUES (100150,32,5,'6-Year/100,000-Mile Limited Warranty')
INSERT INTO builder.certificationFeatures (businessUnitId,certificationTypeId, certificationFeatureTypeId, description) 
	VALUES (100150,32,14,'Rigorous Inspection by Certified MINI Trained Technicians')
INSERT INTO builder.certificationFeatures (businessUnitId,certificationTypeId, certificationFeatureTypeId, description) 
	VALUES (100150,32,17,'24/7 Roadside Assistance')



-------------------FOR CPO CERTIFIEDS---------------
------------------------------------
SET IDENTITY_INSERT settings.cpoGroups ON

INSERT INTO settings.cpoGroups (cpoGroupId, [name]) VALUES (1, 'Audi')
INSERT INTO settings.cpoGroups (cpoGroupId, [name]) VALUES (2, 'BMW')
INSERT INTO settings.cpoGroups (cpoGroupId, [name]) VALUES (3, 'Chrysler')
INSERT INTO settings.cpoGroups (cpoGroupId, [name]) VALUES (4, 'Ford')
INSERT INTO settings.cpoGroups (cpoGroupId, [name]) VALUES (5, 'GM')
INSERT INTO settings.cpoGroups (cpoGroupId, [name]) VALUES (6, 'Honda')
INSERT INTO settings.cpoGroups (cpoGroupId, [name]) VALUES (7, 'Hyundai')
INSERT INTO settings.cpoGroups (cpoGroupId, [name]) VALUES (8, 'Kia')
INSERT INTO settings.cpoGroups (cpoGroupId, [name]) VALUES (9, 'Mazda')
INSERT INTO settings.cpoGroups (cpoGroupId, [name]) VALUES (10, 'Mercedes')
INSERT INTO settings.cpoGroups (cpoGroupId, [name]) VALUES (11, 'Nissan')
INSERT INTO settings.cpoGroups (cpoGroupId, [name]) VALUES (12, 'Toyota')
INSERT INTO settings.cpoGroups (cpoGroupId, [name]) VALUES (13, 'Volkswagen')
INSERT INTO settings.cpoGroups (cpoGroupId, [name]) VALUES (14, 'Volvo')
INSERT INTO settings.cpoGroups (cpoGroupId, [name]) VALUES (15, 'Suzuki')
INSERT INTO settings.cpoGroups (cpoGroupId, [name]) VALUES (16, 'Saab')

SET IDENTITY_INSERT settings.cpoGroups OFF


INSERT INTO settings.cpoCertifieds (cpoGroupId, certificationTypeId) VALUES (1,1)
INSERT INTO settings.cpoCertifieds (cpoGroupId, certificationTypeId) VALUES (2,17)
INSERT INTO settings.cpoCertifieds (cpoGroupId, certificationTypeId) VALUES (3,11)
INSERT INTO settings.cpoCertifieds (cpoGroupId, certificationTypeId) VALUES (3,12)
INSERT INTO settings.cpoCertifieds (cpoGroupId, certificationTypeId) VALUES (3,15)

INSERT INTO settings.cpoCertifieds (cpoGroupId, certificationTypeId) VALUES (4,2)
INSERT INTO settings.cpoCertifieds (cpoGroupId, certificationTypeId) VALUES (4,19)
INSERT INTO settings.cpoCertifieds (cpoGroupId, certificationTypeId) VALUES (4,21)
INSERT INTO settings.cpoCertifieds (cpoGroupId, certificationTypeId) VALUES (4,23)

INSERT INTO settings.cpoCertifieds (cpoGroupId, certificationTypeId) VALUES (5,3)
INSERT INTO settings.cpoCertifieds (cpoGroupId, certificationTypeId) VALUES (5,8)
INSERT INTO settings.cpoCertifieds (cpoGroupId, certificationTypeId) VALUES (5,9)
INSERT INTO settings.cpoCertifieds (cpoGroupId, certificationTypeId) VALUES (5,10)
INSERT INTO settings.cpoCertifieds (cpoGroupId, certificationTypeId) VALUES (5,24)
INSERT INTO settings.cpoCertifieds (cpoGroupId, certificationTypeId) VALUES (5,26)
INSERT INTO settings.cpoCertifieds (cpoGroupId, certificationTypeId) VALUES (5,31)


INSERT INTO settings.cpoCertifieds (cpoGroupId, certificationTypeId) VALUES (6,6)
INSERT INTO settings.cpoCertifieds (cpoGroupId, certificationTypeId) VALUES (6,7)

INSERT INTO settings.cpoCertifieds (cpoGroupId, certificationTypeId) VALUES (7,13)
INSERT INTO settings.cpoCertifieds (cpoGroupId, certificationTypeId) VALUES (8,-1)
INSERT INTO settings.cpoCertifieds (cpoGroupId, certificationTypeId) VALUES (9,20)
INSERT INTO settings.cpoCertifieds (cpoGroupId, certificationTypeId) VALUES (10,18)

INSERT INTO settings.cpoCertifieds (cpoGroupId, certificationTypeId) VALUES (11,4)
INSERT INTO settings.cpoCertifieds (cpoGroupId, certificationTypeId) VALUES (11,14)

INSERT INTO settings.cpoCertifieds (cpoGroupId, certificationTypeId) VALUES (12,27)
INSERT INTO settings.cpoCertifieds (cpoGroupId, certificationTypeId) VALUES (12,5)
INSERT INTO settings.cpoCertifieds (cpoGroupId, certificationTypeId) VALUES (12,16)

INSERT INTO settings.cpoCertifieds (cpoGroupId, certificationTypeId) VALUES (13,29)
INSERT INTO settings.cpoCertifieds (cpoGroupId, certificationTypeId) VALUES (14,30)

INSERT INTO settings.cpoCertifieds (cpoGroupId, certificationTypeId) VALUES (15,28)
INSERT INTO settings.cpoCertifieds (cpoGroupId, certificationTypeId) VALUES (16,25)



----------------------100150 cert defaults------

----------------------------------------------------------------------------------------------------------------------------------------------------------------------------------------------------------------------------------------------------
INSERT INTO settings.dealerCertificationConfiguration (businessUnitId, certificationTypeId, certificationFeatureId, featureDisplayFlag) VALUES (100150,3,234,1)
INSERT INTO settings.dealerCertificationConfiguration (businessUnitId, certificationTypeId, certificationFeatureId, featureDisplayFlag) VALUES (100150,3,2,1)
INSERT INTO settings.dealerCertificationConfiguration (businessUnitId, certificationTypeId, certificationFeatureId, featureDisplayFlag) VALUES (100150,3,1,1)
INSERT INTO settings.dealerCertificationConfiguration (businessUnitId, certificationTypeId, certificationFeatureId, featureDisplayFlag) VALUES (100150,3,233,1)
INSERT INTO settings.dealerCertificationConfiguration (businessUnitId, certificationTypeId, certificationFeatureId, featureDisplayFlag) VALUES (100150,3,232,0)
INSERT INTO settings.dealerCertificationConfiguration (businessUnitId, certificationTypeId, certificationFeatureId, featureDisplayFlag) VALUES (100150,3,10,0)
INSERT INTO settings.dealerCertificationConfiguration (businessUnitId, certificationTypeId, certificationFeatureId, featureDisplayFlag) VALUES (100150,3,5,0)
INSERT INTO settings.dealerCertificationConfiguration (businessUnitId, certificationTypeId, certificationFeatureId, featureDisplayFlag) VALUES (100150,3,6,1)
INSERT INTO settings.dealerCertificationConfiguration (businessUnitId, certificationTypeId, certificationFeatureId, featureDisplayFlag) VALUES (100150,3,4,0)
INSERT INTO settings.dealerCertificationConfiguration (businessUnitId, certificationTypeId, certificationFeatureId, featureDisplayFlag) VALUES (100150,3,3,0)
INSERT INTO settings.dealerCertificationConfiguration (businessUnitId, certificationTypeId, certificationFeatureId, featureDisplayFlag) VALUES (100150,3,9,0)
INSERT INTO settings.dealerCertificationConfiguration (businessUnitId, certificationTypeId, certificationFeatureId, featureDisplayFlag) VALUES (100150,3,8,0)
INSERT INTO settings.dealerCertificationConfiguration (businessUnitId, certificationTypeId, certificationFeatureId, featureDisplayFlag) VALUES (100150,3,235,0)
INSERT INTO settings.dealerCertificationConfiguration (businessUnitId, certificationTypeId, certificationFeatureId, featureDisplayFlag) VALUES (100150,3,241,0)
INSERT INTO settings.dealerCertificationConfiguration (businessUnitId, certificationTypeId, certificationFeatureId, featureDisplayFlag) VALUES (100150,1,23,1)
INSERT INTO settings.dealerCertificationConfiguration (businessUnitId, certificationTypeId, certificationFeatureId, featureDisplayFlag) VALUES (100150,1,24,1)
INSERT INTO settings.dealerCertificationConfiguration (businessUnitId, certificationTypeId, certificationFeatureId, featureDisplayFlag) VALUES (100150,1,31,0)
INSERT INTO settings.dealerCertificationConfiguration (businessUnitId, certificationTypeId, certificationFeatureId, featureDisplayFlag) VALUES (100150,1,25,0)
INSERT INTO settings.dealerCertificationConfiguration (businessUnitId, certificationTypeId, certificationFeatureId, featureDisplayFlag) VALUES (100150,1,33,1)
INSERT INTO settings.dealerCertificationConfiguration (businessUnitId, certificationTypeId, certificationFeatureId, featureDisplayFlag) VALUES (100150,1,27,0)
INSERT INTO settings.dealerCertificationConfiguration (businessUnitId, certificationTypeId, certificationFeatureId, featureDisplayFlag) VALUES (100150,1,26,0)
INSERT INTO settings.dealerCertificationConfiguration (businessUnitId, certificationTypeId, certificationFeatureId, featureDisplayFlag) VALUES (100150,1,32,1)
INSERT INTO settings.dealerCertificationConfiguration (businessUnitId, certificationTypeId, certificationFeatureId, featureDisplayFlag) VALUES (100150,1,28,0)
INSERT INTO settings.dealerCertificationConfiguration (businessUnitId, certificationTypeId, certificationFeatureId, featureDisplayFlag) VALUES (100150,1,231,0)
INSERT INTO settings.dealerCertificationConfiguration (businessUnitId, certificationTypeId, certificationFeatureId, featureDisplayFlag) VALUES (100150,1,29,0)
INSERT INTO settings.dealerCertificationConfiguration (businessUnitId, certificationTypeId, certificationFeatureId, featureDisplayFlag) VALUES (100150,1,30,0)
INSERT INTO settings.dealerCertificationConfiguration (businessUnitId, certificationTypeId, certificationFeatureId, featureDisplayFlag) VALUES (100150,1,242,0)
INSERT INTO settings.dealerCertificationConfiguration (businessUnitId, certificationTypeId, certificationFeatureId, featureDisplayFlag) VALUES (100150,2,72,1)
INSERT INTO settings.dealerCertificationConfiguration (businessUnitId, certificationTypeId, certificationFeatureId, featureDisplayFlag) VALUES (100150,2,74,1)
INSERT INTO settings.dealerCertificationConfiguration (businessUnitId, certificationTypeId, certificationFeatureId, featureDisplayFlag) VALUES (100150,2,75,0)
INSERT INTO settings.dealerCertificationConfiguration (businessUnitId, certificationTypeId, certificationFeatureId, featureDisplayFlag) VALUES (100150,2,81,0)
INSERT INTO settings.dealerCertificationConfiguration (businessUnitId, certificationTypeId, certificationFeatureId, featureDisplayFlag) VALUES (100150,2,76,0)
INSERT INTO settings.dealerCertificationConfiguration (businessUnitId, certificationTypeId, certificationFeatureId, featureDisplayFlag) VALUES (100150,2,78,0)
INSERT INTO settings.dealerCertificationConfiguration (businessUnitId, certificationTypeId, certificationFeatureId, featureDisplayFlag) VALUES (100150,2,77,1)
INSERT INTO settings.dealerCertificationConfiguration (businessUnitId, certificationTypeId, certificationFeatureId, featureDisplayFlag) VALUES (100150,2,82,1)
INSERT INTO settings.dealerCertificationConfiguration (businessUnitId, certificationTypeId, certificationFeatureId, featureDisplayFlag) VALUES (100150,2,79,0)
INSERT INTO settings.dealerCertificationConfiguration (businessUnitId, certificationTypeId, certificationFeatureId, featureDisplayFlag) VALUES (100150,2,80,0)
INSERT INTO settings.dealerCertificationConfiguration (businessUnitId, certificationTypeId, certificationFeatureId, featureDisplayFlag) VALUES (100150,2,243,0)
INSERT INTO settings.dealerCertificationConfiguration (businessUnitId, certificationTypeId, certificationFeatureId, featureDisplayFlag) VALUES (100150,4,108,1)
INSERT INTO settings.dealerCertificationConfiguration (businessUnitId, certificationTypeId, certificationFeatureId, featureDisplayFlag) VALUES (100150,4,114,0)
INSERT INTO settings.dealerCertificationConfiguration (businessUnitId, certificationTypeId, certificationFeatureId, featureDisplayFlag) VALUES (100150,4,109,0)
INSERT INTO settings.dealerCertificationConfiguration (businessUnitId, certificationTypeId, certificationFeatureId, featureDisplayFlag) VALUES (100150,4,111,1)
INSERT INTO settings.dealerCertificationConfiguration (businessUnitId, certificationTypeId, certificationFeatureId, featureDisplayFlag) VALUES (100150,4,110,0)
INSERT INTO settings.dealerCertificationConfiguration (businessUnitId, certificationTypeId, certificationFeatureId, featureDisplayFlag) VALUES (100150,4,115,1)
INSERT INTO settings.dealerCertificationConfiguration (businessUnitId, certificationTypeId, certificationFeatureId, featureDisplayFlag) VALUES (100150,4,112,0)
INSERT INTO settings.dealerCertificationConfiguration (businessUnitId, certificationTypeId, certificationFeatureId, featureDisplayFlag) VALUES (100150,4,113,0)
INSERT INTO settings.dealerCertificationConfiguration (businessUnitId, certificationTypeId, certificationFeatureId, featureDisplayFlag) VALUES (100150,4,244,0)
INSERT INTO settings.dealerCertificationConfiguration (businessUnitId, certificationTypeId, certificationFeatureId, featureDisplayFlag) VALUES (100150,5,92,1)
INSERT INTO settings.dealerCertificationConfiguration (businessUnitId, certificationTypeId, certificationFeatureId, featureDisplayFlag) VALUES (100150,5,93,1)
INSERT INTO settings.dealerCertificationConfiguration (businessUnitId, certificationTypeId, certificationFeatureId, featureDisplayFlag) VALUES (100150,5,99,0)
INSERT INTO settings.dealerCertificationConfiguration (businessUnitId, certificationTypeId, certificationFeatureId, featureDisplayFlag) VALUES (100150,5,94,0)
INSERT INTO settings.dealerCertificationConfiguration (businessUnitId, certificationTypeId, certificationFeatureId, featureDisplayFlag) VALUES (100150,5,96,0)
INSERT INTO settings.dealerCertificationConfiguration (businessUnitId, certificationTypeId, certificationFeatureId, featureDisplayFlag) VALUES (100150,5,95,1)
INSERT INTO settings.dealerCertificationConfiguration (businessUnitId, certificationTypeId, certificationFeatureId, featureDisplayFlag) VALUES (100150,5,97,1)
INSERT INTO settings.dealerCertificationConfiguration (businessUnitId, certificationTypeId, certificationFeatureId, featureDisplayFlag) VALUES (100150,5,98,0)
INSERT INTO settings.dealerCertificationConfiguration (businessUnitId, certificationTypeId, certificationFeatureId, featureDisplayFlag) VALUES (100150,5,245,0)
INSERT INTO settings.dealerCertificationConfiguration (businessUnitId, certificationTypeId, certificationFeatureId, featureDisplayFlag) VALUES (100150,6,12,1)
INSERT INTO settings.dealerCertificationConfiguration (businessUnitId, certificationTypeId, certificationFeatureId, featureDisplayFlag) VALUES (100150,6,11,1)
INSERT INTO settings.dealerCertificationConfiguration (businessUnitId, certificationTypeId, certificationFeatureId, featureDisplayFlag) VALUES (100150,6,13,1)
INSERT INTO settings.dealerCertificationConfiguration (businessUnitId, certificationTypeId, certificationFeatureId, featureDisplayFlag) VALUES (100150,6,15,0)
INSERT INTO settings.dealerCertificationConfiguration (businessUnitId, certificationTypeId, certificationFeatureId, featureDisplayFlag) VALUES (100150,6,14,0)
INSERT INTO settings.dealerCertificationConfiguration (businessUnitId, certificationTypeId, certificationFeatureId, featureDisplayFlag) VALUES (100150,6,246,0)
INSERT INTO settings.dealerCertificationConfiguration (businessUnitId, certificationTypeId, certificationFeatureId, featureDisplayFlag) VALUES (100150,7,17,1)
INSERT INTO settings.dealerCertificationConfiguration (businessUnitId, certificationTypeId, certificationFeatureId, featureDisplayFlag) VALUES (100150,7,16,1)
INSERT INTO settings.dealerCertificationConfiguration (businessUnitId, certificationTypeId, certificationFeatureId, featureDisplayFlag) VALUES (100150,7,18,1)
INSERT INTO settings.dealerCertificationConfiguration (businessUnitId, certificationTypeId, certificationFeatureId, featureDisplayFlag) VALUES (100150,7,20,1)
INSERT INTO settings.dealerCertificationConfiguration (businessUnitId, certificationTypeId, certificationFeatureId, featureDisplayFlag) VALUES (100150,7,19,0)
INSERT INTO settings.dealerCertificationConfiguration (businessUnitId, certificationTypeId, certificationFeatureId, featureDisplayFlag) VALUES (100150,7,21,1)
INSERT INTO settings.dealerCertificationConfiguration (businessUnitId, certificationTypeId, certificationFeatureId, featureDisplayFlag) VALUES (100150,7,22,0)
INSERT INTO settings.dealerCertificationConfiguration (businessUnitId, certificationTypeId, certificationFeatureId, featureDisplayFlag) VALUES (100150,7,247,0)
INSERT INTO settings.dealerCertificationConfiguration (businessUnitId, certificationTypeId, certificationFeatureId, featureDisplayFlag) VALUES (100150,8,34,1)
INSERT INTO settings.dealerCertificationConfiguration (businessUnitId, certificationTypeId, certificationFeatureId, featureDisplayFlag) VALUES (100150,8,39,0)
INSERT INTO settings.dealerCertificationConfiguration (businessUnitId, certificationTypeId, certificationFeatureId, featureDisplayFlag) VALUES (100150,8,35,1)
INSERT INTO settings.dealerCertificationConfiguration (businessUnitId, certificationTypeId, certificationFeatureId, featureDisplayFlag) VALUES (100150,8,36,0)
INSERT INTO settings.dealerCertificationConfiguration (businessUnitId, certificationTypeId, certificationFeatureId, featureDisplayFlag) VALUES (100150,8,37,1)
INSERT INTO settings.dealerCertificationConfiguration (businessUnitId, certificationTypeId, certificationFeatureId, featureDisplayFlag) VALUES (100150,8,38,0)
INSERT INTO settings.dealerCertificationConfiguration (businessUnitId, certificationTypeId, certificationFeatureId, featureDisplayFlag) VALUES (100150,8,248,0)
INSERT INTO settings.dealerCertificationConfiguration (businessUnitId, certificationTypeId, certificationFeatureId, featureDisplayFlag) VALUES (100150,9,40,1)
INSERT INTO settings.dealerCertificationConfiguration (businessUnitId, certificationTypeId, certificationFeatureId, featureDisplayFlag) VALUES (100150,9,41,1)
INSERT INTO settings.dealerCertificationConfiguration (businessUnitId, certificationTypeId, certificationFeatureId, featureDisplayFlag) VALUES (100150,9,47,1)
INSERT INTO settings.dealerCertificationConfiguration (businessUnitId, certificationTypeId, certificationFeatureId, featureDisplayFlag) VALUES (100150,9,44,0)
INSERT INTO settings.dealerCertificationConfiguration (businessUnitId, certificationTypeId, certificationFeatureId, featureDisplayFlag) VALUES (100150,9,43,0)
INSERT INTO settings.dealerCertificationConfiguration (businessUnitId, certificationTypeId, certificationFeatureId, featureDisplayFlag) VALUES (100150,9,42,0)
INSERT INTO settings.dealerCertificationConfiguration (businessUnitId, certificationTypeId, certificationFeatureId, featureDisplayFlag) VALUES (100150,9,46,1)
INSERT INTO settings.dealerCertificationConfiguration (businessUnitId, certificationTypeId, certificationFeatureId, featureDisplayFlag) VALUES (100150,9,45,0)
INSERT INTO settings.dealerCertificationConfiguration (businessUnitId, certificationTypeId, certificationFeatureId, featureDisplayFlag) VALUES (100150,9,249,0)
INSERT INTO settings.dealerCertificationConfiguration (businessUnitId, certificationTypeId, certificationFeatureId, featureDisplayFlag) VALUES (100150,10,48,1)
INSERT INTO settings.dealerCertificationConfiguration (businessUnitId, certificationTypeId, certificationFeatureId, featureDisplayFlag) VALUES (100150,10,49,1)
INSERT INTO settings.dealerCertificationConfiguration (businessUnitId, certificationTypeId, certificationFeatureId, featureDisplayFlag) VALUES (100150,10,55,1)
INSERT INTO settings.dealerCertificationConfiguration (businessUnitId, certificationTypeId, certificationFeatureId, featureDisplayFlag) VALUES (100150,10,52,0)
INSERT INTO settings.dealerCertificationConfiguration (businessUnitId, certificationTypeId, certificationFeatureId, featureDisplayFlag) VALUES (100150,10,51,0)
INSERT INTO settings.dealerCertificationConfiguration (businessUnitId, certificationTypeId, certificationFeatureId, featureDisplayFlag) VALUES (100150,10,50,0)
INSERT INTO settings.dealerCertificationConfiguration (businessUnitId, certificationTypeId, certificationFeatureId, featureDisplayFlag) VALUES (100150,10,54,1)
INSERT INTO settings.dealerCertificationConfiguration (businessUnitId, certificationTypeId, certificationFeatureId, featureDisplayFlag) VALUES (100150,10,53,0)
INSERT INTO settings.dealerCertificationConfiguration (businessUnitId, certificationTypeId, certificationFeatureId, featureDisplayFlag) VALUES (100150,10,250,0)
INSERT INTO settings.dealerCertificationConfiguration (businessUnitId, certificationTypeId, certificationFeatureId, featureDisplayFlag) VALUES (100150,11,56,1)
INSERT INTO settings.dealerCertificationConfiguration (businessUnitId, certificationTypeId, certificationFeatureId, featureDisplayFlag) VALUES (100150,11,57,1)
INSERT INTO settings.dealerCertificationConfiguration (businessUnitId, certificationTypeId, certificationFeatureId, featureDisplayFlag) VALUES (100150,11,58,1)
INSERT INTO settings.dealerCertificationConfiguration (businessUnitId, certificationTypeId, certificationFeatureId, featureDisplayFlag) VALUES (100150,11,62,0)
INSERT INTO settings.dealerCertificationConfiguration (businessUnitId, certificationTypeId, certificationFeatureId, featureDisplayFlag) VALUES (100150,11,60,0)
INSERT INTO settings.dealerCertificationConfiguration (businessUnitId, certificationTypeId, certificationFeatureId, featureDisplayFlag) VALUES (100150,11,59,0)
INSERT INTO settings.dealerCertificationConfiguration (businessUnitId, certificationTypeId, certificationFeatureId, featureDisplayFlag) VALUES (100150,11,63,1)
INSERT INTO settings.dealerCertificationConfiguration (businessUnitId, certificationTypeId, certificationFeatureId, featureDisplayFlag) VALUES (100150,11,61,0)
INSERT INTO settings.dealerCertificationConfiguration (businessUnitId, certificationTypeId, certificationFeatureId, featureDisplayFlag) VALUES (100150,11,251,0)
INSERT INTO settings.dealerCertificationConfiguration (businessUnitId, certificationTypeId, certificationFeatureId, featureDisplayFlag) VALUES (100150,12,64,1)
INSERT INTO settings.dealerCertificationConfiguration (businessUnitId, certificationTypeId, certificationFeatureId, featureDisplayFlag) VALUES (100150,12,65,1)
INSERT INTO settings.dealerCertificationConfiguration (businessUnitId, certificationTypeId, certificationFeatureId, featureDisplayFlag) VALUES (100150,12,66,1)
INSERT INTO settings.dealerCertificationConfiguration (businessUnitId, certificationTypeId, certificationFeatureId, featureDisplayFlag) VALUES (100150,12,70,0)
INSERT INTO settings.dealerCertificationConfiguration (businessUnitId, certificationTypeId, certificationFeatureId, featureDisplayFlag) VALUES (100150,12,68,0)
INSERT INTO settings.dealerCertificationConfiguration (businessUnitId, certificationTypeId, certificationFeatureId, featureDisplayFlag) VALUES (100150,12,67,0)
INSERT INTO settings.dealerCertificationConfiguration (businessUnitId, certificationTypeId, certificationFeatureId, featureDisplayFlag) VALUES (100150,12,71,1)
INSERT INTO settings.dealerCertificationConfiguration (businessUnitId, certificationTypeId, certificationFeatureId, featureDisplayFlag) VALUES (100150,12,69,0)
INSERT INTO settings.dealerCertificationConfiguration (businessUnitId, certificationTypeId, certificationFeatureId, featureDisplayFlag) VALUES (100150,12,252,0)
INSERT INTO settings.dealerCertificationConfiguration (businessUnitId, certificationTypeId, certificationFeatureId, featureDisplayFlag) VALUES (100150,14,116,1)
INSERT INTO settings.dealerCertificationConfiguration (businessUnitId, certificationTypeId, certificationFeatureId, featureDisplayFlag) VALUES (100150,14,117,0)
INSERT INTO settings.dealerCertificationConfiguration (businessUnitId, certificationTypeId, certificationFeatureId, featureDisplayFlag) VALUES (100150,14,122,0)
INSERT INTO settings.dealerCertificationConfiguration (businessUnitId, certificationTypeId, certificationFeatureId, featureDisplayFlag) VALUES (100150,14,118,0)
INSERT INTO settings.dealerCertificationConfiguration (businessUnitId, certificationTypeId, certificationFeatureId, featureDisplayFlag) VALUES (100150,14,119,0)
INSERT INTO settings.dealerCertificationConfiguration (businessUnitId, certificationTypeId, certificationFeatureId, featureDisplayFlag) VALUES (100150,14,120,1)
INSERT INTO settings.dealerCertificationConfiguration (businessUnitId, certificationTypeId, certificationFeatureId, featureDisplayFlag) VALUES (100150,14,121,0)
INSERT INTO settings.dealerCertificationConfiguration (businessUnitId, certificationTypeId, certificationFeatureId, featureDisplayFlag) VALUES (100150,14,253,0)
INSERT INTO settings.dealerCertificationConfiguration (businessUnitId, certificationTypeId, certificationFeatureId, featureDisplayFlag) VALUES (100150,15,83,1)
INSERT INTO settings.dealerCertificationConfiguration (businessUnitId, certificationTypeId, certificationFeatureId, featureDisplayFlag) VALUES (100150,15,84,1)
INSERT INTO settings.dealerCertificationConfiguration (businessUnitId, certificationTypeId, certificationFeatureId, featureDisplayFlag) VALUES (100150,15,85,1)
INSERT INTO settings.dealerCertificationConfiguration (businessUnitId, certificationTypeId, certificationFeatureId, featureDisplayFlag) VALUES (100150,15,86,0)
INSERT INTO settings.dealerCertificationConfiguration (businessUnitId, certificationTypeId, certificationFeatureId, featureDisplayFlag) VALUES (100150,15,90,0)
INSERT INTO settings.dealerCertificationConfiguration (businessUnitId, certificationTypeId, certificationFeatureId, featureDisplayFlag) VALUES (100150,15,88,0)
INSERT INTO settings.dealerCertificationConfiguration (businessUnitId, certificationTypeId, certificationFeatureId, featureDisplayFlag) VALUES (100150,15,87,0)
INSERT INTO settings.dealerCertificationConfiguration (businessUnitId, certificationTypeId, certificationFeatureId, featureDisplayFlag) VALUES (100150,15,91,1)
INSERT INTO settings.dealerCertificationConfiguration (businessUnitId, certificationTypeId, certificationFeatureId, featureDisplayFlag) VALUES (100150,15,89,0)
INSERT INTO settings.dealerCertificationConfiguration (businessUnitId, certificationTypeId, certificationFeatureId, featureDisplayFlag) VALUES (100150,15,254,0)
INSERT INTO settings.dealerCertificationConfiguration (businessUnitId, certificationTypeId, certificationFeatureId, featureDisplayFlag) VALUES (100150,16,100,1)
INSERT INTO settings.dealerCertificationConfiguration (businessUnitId, certificationTypeId, certificationFeatureId, featureDisplayFlag) VALUES (100150,16,101,1)
INSERT INTO settings.dealerCertificationConfiguration (businessUnitId, certificationTypeId, certificationFeatureId, featureDisplayFlag) VALUES (100150,16,103,0)
INSERT INTO settings.dealerCertificationConfiguration (businessUnitId, certificationTypeId, certificationFeatureId, featureDisplayFlag) VALUES (100150,16,102,0)
INSERT INTO settings.dealerCertificationConfiguration (businessUnitId, certificationTypeId, certificationFeatureId, featureDisplayFlag) VALUES (100150,16,106,1)
INSERT INTO settings.dealerCertificationConfiguration (businessUnitId, certificationTypeId, certificationFeatureId, featureDisplayFlag) VALUES (100150,16,107,0)
INSERT INTO settings.dealerCertificationConfiguration (businessUnitId, certificationTypeId, certificationFeatureId, featureDisplayFlag) VALUES (100150,16,104,1)
INSERT INTO settings.dealerCertificationConfiguration (businessUnitId, certificationTypeId, certificationFeatureId, featureDisplayFlag) VALUES (100150,16,105,0)
INSERT INTO settings.dealerCertificationConfiguration (businessUnitId, certificationTypeId, certificationFeatureId, featureDisplayFlag) VALUES (100150,16,255,0)
INSERT INTO settings.dealerCertificationConfiguration (businessUnitId, certificationTypeId, certificationFeatureId, featureDisplayFlag) VALUES (100150,17,123,1)
INSERT INTO settings.dealerCertificationConfiguration (businessUnitId, certificationTypeId, certificationFeatureId, featureDisplayFlag) VALUES (100150,17,124,0)
INSERT INTO settings.dealerCertificationConfiguration (businessUnitId, certificationTypeId, certificationFeatureId, featureDisplayFlag) VALUES (100150,17,126,0)
INSERT INTO settings.dealerCertificationConfiguration (businessUnitId, certificationTypeId, certificationFeatureId, featureDisplayFlag) VALUES (100150,17,125,1)
INSERT INTO settings.dealerCertificationConfiguration (businessUnitId, certificationTypeId, certificationFeatureId, featureDisplayFlag) VALUES (100150,17,127,1)
INSERT INTO settings.dealerCertificationConfiguration (businessUnitId, certificationTypeId, certificationFeatureId, featureDisplayFlag) VALUES (100150,17,128,0)
INSERT INTO settings.dealerCertificationConfiguration (businessUnitId, certificationTypeId, certificationFeatureId, featureDisplayFlag) VALUES (100150,17,129,0)
INSERT INTO settings.dealerCertificationConfiguration (businessUnitId, certificationTypeId, certificationFeatureId, featureDisplayFlag) VALUES (100150,17,256,0)
INSERT INTO settings.dealerCertificationConfiguration (businessUnitId, certificationTypeId, certificationFeatureId, featureDisplayFlag) VALUES (100150,18,130,1)
INSERT INTO settings.dealerCertificationConfiguration (businessUnitId, certificationTypeId, certificationFeatureId, featureDisplayFlag) VALUES (100150,18,131,1)
INSERT INTO settings.dealerCertificationConfiguration (businessUnitId, certificationTypeId, certificationFeatureId, featureDisplayFlag) VALUES (100150,18,134,1)
INSERT INTO settings.dealerCertificationConfiguration (businessUnitId, certificationTypeId, certificationFeatureId, featureDisplayFlag) VALUES (100150,18,133,0)
INSERT INTO settings.dealerCertificationConfiguration (businessUnitId, certificationTypeId, certificationFeatureId, featureDisplayFlag) VALUES (100150,18,132,0)
INSERT INTO settings.dealerCertificationConfiguration (businessUnitId, certificationTypeId, certificationFeatureId, featureDisplayFlag) VALUES (100150,18,135,1)
INSERT INTO settings.dealerCertificationConfiguration (businessUnitId, certificationTypeId, certificationFeatureId, featureDisplayFlag) VALUES (100150,18,136,0)
INSERT INTO settings.dealerCertificationConfiguration (businessUnitId, certificationTypeId, certificationFeatureId, featureDisplayFlag) VALUES (100150,18,137,0)
INSERT INTO settings.dealerCertificationConfiguration (businessUnitId, certificationTypeId, certificationFeatureId, featureDisplayFlag) VALUES (100150,18,257,0)
INSERT INTO settings.dealerCertificationConfiguration (businessUnitId, certificationTypeId, certificationFeatureId, featureDisplayFlag) VALUES (100150,19,138,1)
INSERT INTO settings.dealerCertificationConfiguration (businessUnitId, certificationTypeId, certificationFeatureId, featureDisplayFlag) VALUES (100150,19,139,0)
INSERT INTO settings.dealerCertificationConfiguration (businessUnitId, certificationTypeId, certificationFeatureId, featureDisplayFlag) VALUES (100150,19,145,0)
INSERT INTO settings.dealerCertificationConfiguration (businessUnitId, certificationTypeId, certificationFeatureId, featureDisplayFlag) VALUES (100150,19,141,0)
INSERT INTO settings.dealerCertificationConfiguration (businessUnitId, certificationTypeId, certificationFeatureId, featureDisplayFlag) VALUES (100150,19,140,0)
INSERT INTO settings.dealerCertificationConfiguration (businessUnitId, certificationTypeId, certificationFeatureId, featureDisplayFlag) VALUES (100150,19,146,1)
INSERT INTO settings.dealerCertificationConfiguration (businessUnitId, certificationTypeId, certificationFeatureId, featureDisplayFlag) VALUES (100150,19,142,1)
INSERT INTO settings.dealerCertificationConfiguration (businessUnitId, certificationTypeId, certificationFeatureId, featureDisplayFlag) VALUES (100150,19,143,0)
INSERT INTO settings.dealerCertificationConfiguration (businessUnitId, certificationTypeId, certificationFeatureId, featureDisplayFlag) VALUES (100150,19,144,0)
INSERT INTO settings.dealerCertificationConfiguration (businessUnitId, certificationTypeId, certificationFeatureId, featureDisplayFlag) VALUES (100150,19,258,0)
INSERT INTO settings.dealerCertificationConfiguration (businessUnitId, certificationTypeId, certificationFeatureId, featureDisplayFlag) VALUES (100150,20,147,1)
INSERT INTO settings.dealerCertificationConfiguration (businessUnitId, certificationTypeId, certificationFeatureId, featureDisplayFlag) VALUES (100150,20,148,0)
INSERT INTO settings.dealerCertificationConfiguration (businessUnitId, certificationTypeId, certificationFeatureId, featureDisplayFlag) VALUES (100150,20,149,1)
INSERT INTO settings.dealerCertificationConfiguration (businessUnitId, certificationTypeId, certificationFeatureId, featureDisplayFlag) VALUES (100150,20,259,0)
INSERT INTO settings.dealerCertificationConfiguration (businessUnitId, certificationTypeId, certificationFeatureId, featureDisplayFlag) VALUES (100150,21,150,1)
INSERT INTO settings.dealerCertificationConfiguration (businessUnitId, certificationTypeId, certificationFeatureId, featureDisplayFlag) VALUES (100150,21,151,1)
INSERT INTO settings.dealerCertificationConfiguration (businessUnitId, certificationTypeId, certificationFeatureId, featureDisplayFlag) VALUES (100150,21,152,0)
INSERT INTO settings.dealerCertificationConfiguration (businessUnitId, certificationTypeId, certificationFeatureId, featureDisplayFlag) VALUES (100150,21,158,0)
INSERT INTO settings.dealerCertificationConfiguration (businessUnitId, certificationTypeId, certificationFeatureId, featureDisplayFlag) VALUES (100150,21,153,0)
INSERT INTO settings.dealerCertificationConfiguration (businessUnitId, certificationTypeId, certificationFeatureId, featureDisplayFlag) VALUES (100150,21,155,0)
INSERT INTO settings.dealerCertificationConfiguration (businessUnitId, certificationTypeId, certificationFeatureId, featureDisplayFlag) VALUES (100150,21,154,0)
INSERT INTO settings.dealerCertificationConfiguration (businessUnitId, certificationTypeId, certificationFeatureId, featureDisplayFlag) VALUES (100150,21,156,1)
INSERT INTO settings.dealerCertificationConfiguration (businessUnitId, certificationTypeId, certificationFeatureId, featureDisplayFlag) VALUES (100150,21,157,0)
INSERT INTO settings.dealerCertificationConfiguration (businessUnitId, certificationTypeId, certificationFeatureId, featureDisplayFlag) VALUES (100150,21,260,0)
INSERT INTO settings.dealerCertificationConfiguration (businessUnitId, certificationTypeId, certificationFeatureId, featureDisplayFlag) VALUES (100150,22,159,1)
INSERT INTO settings.dealerCertificationConfiguration (businessUnitId, certificationTypeId, certificationFeatureId, featureDisplayFlag) VALUES (100150,22,160,1)
INSERT INTO settings.dealerCertificationConfiguration (businessUnitId, certificationTypeId, certificationFeatureId, featureDisplayFlag) VALUES (100150,22,161,0)
INSERT INTO settings.dealerCertificationConfiguration (businessUnitId, certificationTypeId, certificationFeatureId, featureDisplayFlag) VALUES (100150,22,162,0)
INSERT INTO settings.dealerCertificationConfiguration (businessUnitId, certificationTypeId, certificationFeatureId, featureDisplayFlag) VALUES (100150,22,163,0)
INSERT INTO settings.dealerCertificationConfiguration (businessUnitId, certificationTypeId, certificationFeatureId, featureDisplayFlag) VALUES (100150,22,261,0)
INSERT INTO settings.dealerCertificationConfiguration (businessUnitId, certificationTypeId, certificationFeatureId, featureDisplayFlag) VALUES (100150,23,164,1)
INSERT INTO settings.dealerCertificationConfiguration (businessUnitId, certificationTypeId, certificationFeatureId, featureDisplayFlag) VALUES (100150,23,165,1)
INSERT INTO settings.dealerCertificationConfiguration (businessUnitId, certificationTypeId, certificationFeatureId, featureDisplayFlag) VALUES (100150,23,166,1)
INSERT INTO settings.dealerCertificationConfiguration (businessUnitId, certificationTypeId, certificationFeatureId, featureDisplayFlag) VALUES (100150,23,167,0)
INSERT INTO settings.dealerCertificationConfiguration (businessUnitId, certificationTypeId, certificationFeatureId, featureDisplayFlag) VALUES (100150,23,171,0)
INSERT INTO settings.dealerCertificationConfiguration (businessUnitId, certificationTypeId, certificationFeatureId, featureDisplayFlag) VALUES (100150,23,170,0)
INSERT INTO settings.dealerCertificationConfiguration (businessUnitId, certificationTypeId, certificationFeatureId, featureDisplayFlag) VALUES (100150,23,169,0)
INSERT INTO settings.dealerCertificationConfiguration (businessUnitId, certificationTypeId, certificationFeatureId, featureDisplayFlag) VALUES (100150,23,173,1)
INSERT INTO settings.dealerCertificationConfiguration (businessUnitId, certificationTypeId, certificationFeatureId, featureDisplayFlag) VALUES (100150,23,172,1)
INSERT INTO settings.dealerCertificationConfiguration (businessUnitId, certificationTypeId, certificationFeatureId, featureDisplayFlag) VALUES (100150,23,168,0)
INSERT INTO settings.dealerCertificationConfiguration (businessUnitId, certificationTypeId, certificationFeatureId, featureDisplayFlag) VALUES (100150,23,262,0)
INSERT INTO settings.dealerCertificationConfiguration (businessUnitId, certificationTypeId, certificationFeatureId, featureDisplayFlag) VALUES (100150,24,175,1)
INSERT INTO settings.dealerCertificationConfiguration (businessUnitId, certificationTypeId, certificationFeatureId, featureDisplayFlag) VALUES (100150,24,174,1)
INSERT INTO settings.dealerCertificationConfiguration (businessUnitId, certificationTypeId, certificationFeatureId, featureDisplayFlag) VALUES (100150,24,182,1)
INSERT INTO settings.dealerCertificationConfiguration (businessUnitId, certificationTypeId, certificationFeatureId, featureDisplayFlag) VALUES (100150,24,178,0)
INSERT INTO settings.dealerCertificationConfiguration (businessUnitId, certificationTypeId, certificationFeatureId, featureDisplayFlag) VALUES (100150,24,177,0)
INSERT INTO settings.dealerCertificationConfiguration (businessUnitId, certificationTypeId, certificationFeatureId, featureDisplayFlag) VALUES (100150,24,176,0)
INSERT INTO settings.dealerCertificationConfiguration (businessUnitId, certificationTypeId, certificationFeatureId, featureDisplayFlag) VALUES (100150,24,181,1)
INSERT INTO settings.dealerCertificationConfiguration (businessUnitId, certificationTypeId, certificationFeatureId, featureDisplayFlag) VALUES (100150,24,180,1)
INSERT INTO settings.dealerCertificationConfiguration (businessUnitId, certificationTypeId, certificationFeatureId, featureDisplayFlag) VALUES (100150,24,183,0)
INSERT INTO settings.dealerCertificationConfiguration (businessUnitId, certificationTypeId, certificationFeatureId, featureDisplayFlag) VALUES (100150,24,179,0)
INSERT INTO settings.dealerCertificationConfiguration (businessUnitId, certificationTypeId, certificationFeatureId, featureDisplayFlag) VALUES (100150,24,263,0)
INSERT INTO settings.dealerCertificationConfiguration (businessUnitId, certificationTypeId, certificationFeatureId, featureDisplayFlag) VALUES (100150,25,185,1)
INSERT INTO settings.dealerCertificationConfiguration (businessUnitId, certificationTypeId, certificationFeatureId, featureDisplayFlag) VALUES (100150,25,184,1)
INSERT INTO settings.dealerCertificationConfiguration (businessUnitId, certificationTypeId, certificationFeatureId, featureDisplayFlag) VALUES (100150,25,187,0)
INSERT INTO settings.dealerCertificationConfiguration (businessUnitId, certificationTypeId, certificationFeatureId, featureDisplayFlag) VALUES (100150,25,186,0)
INSERT INTO settings.dealerCertificationConfiguration (businessUnitId, certificationTypeId, certificationFeatureId, featureDisplayFlag) VALUES (100150,25,188,1)
INSERT INTO settings.dealerCertificationConfiguration (businessUnitId, certificationTypeId, certificationFeatureId, featureDisplayFlag) VALUES (100150,25,264,0)
INSERT INTO settings.dealerCertificationConfiguration (businessUnitId, certificationTypeId, certificationFeatureId, featureDisplayFlag) VALUES (100150,26,190,1)
INSERT INTO settings.dealerCertificationConfiguration (businessUnitId, certificationTypeId, certificationFeatureId, featureDisplayFlag) VALUES (100150,26,189,1)
INSERT INTO settings.dealerCertificationConfiguration (businessUnitId, certificationTypeId, certificationFeatureId, featureDisplayFlag) VALUES (100150,26,191,0)
INSERT INTO settings.dealerCertificationConfiguration (businessUnitId, certificationTypeId, certificationFeatureId, featureDisplayFlag) VALUES (100150,26,192,1)
INSERT INTO settings.dealerCertificationConfiguration (businessUnitId, certificationTypeId, certificationFeatureId, featureDisplayFlag) VALUES (100150,26,193,1)
INSERT INTO settings.dealerCertificationConfiguration (businessUnitId, certificationTypeId, certificationFeatureId, featureDisplayFlag) VALUES (100150,26,265,0)
INSERT INTO settings.dealerCertificationConfiguration (businessUnitId, certificationTypeId, certificationFeatureId, featureDisplayFlag) VALUES (100150,27,194,1)
INSERT INTO settings.dealerCertificationConfiguration (businessUnitId, certificationTypeId, certificationFeatureId, featureDisplayFlag) VALUES (100150,27,195,1)
INSERT INTO settings.dealerCertificationConfiguration (businessUnitId, certificationTypeId, certificationFeatureId, featureDisplayFlag) VALUES (100150,27,201,0)
INSERT INTO settings.dealerCertificationConfiguration (businessUnitId, certificationTypeId, certificationFeatureId, featureDisplayFlag) VALUES (100150,27,196,0)
INSERT INTO settings.dealerCertificationConfiguration (businessUnitId, certificationTypeId, certificationFeatureId, featureDisplayFlag) VALUES (100150,27,198,0)
INSERT INTO settings.dealerCertificationConfiguration (businessUnitId, certificationTypeId, certificationFeatureId, featureDisplayFlag) VALUES (100150,27,197,0)
INSERT INTO settings.dealerCertificationConfiguration (businessUnitId, certificationTypeId, certificationFeatureId, featureDisplayFlag) VALUES (100150,27,202,1)
INSERT INTO settings.dealerCertificationConfiguration (businessUnitId, certificationTypeId, certificationFeatureId, featureDisplayFlag) VALUES (100150,27,199,1)
INSERT INTO settings.dealerCertificationConfiguration (businessUnitId, certificationTypeId, certificationFeatureId, featureDisplayFlag) VALUES (100150,27,200,0)
INSERT INTO settings.dealerCertificationConfiguration (businessUnitId, certificationTypeId, certificationFeatureId, featureDisplayFlag) VALUES (100150,27,266,0)
INSERT INTO settings.dealerCertificationConfiguration (businessUnitId, certificationTypeId, certificationFeatureId, featureDisplayFlag) VALUES (100150,28,203,1)
INSERT INTO settings.dealerCertificationConfiguration (businessUnitId, certificationTypeId, certificationFeatureId, featureDisplayFlag) VALUES (100150,28,205,0)
INSERT INTO settings.dealerCertificationConfiguration (businessUnitId, certificationTypeId, certificationFeatureId, featureDisplayFlag) VALUES (100150,28,204,0)
INSERT INTO settings.dealerCertificationConfiguration (businessUnitId, certificationTypeId, certificationFeatureId, featureDisplayFlag) VALUES (100150,28,207,1)
INSERT INTO settings.dealerCertificationConfiguration (businessUnitId, certificationTypeId, certificationFeatureId, featureDisplayFlag) VALUES (100150,28,206,1)
INSERT INTO settings.dealerCertificationConfiguration (businessUnitId, certificationTypeId, certificationFeatureId, featureDisplayFlag) VALUES (100150,28,267,0)
INSERT INTO settings.dealerCertificationConfiguration (businessUnitId, certificationTypeId, certificationFeatureId, featureDisplayFlag) VALUES (100150,29,208,1)
INSERT INTO settings.dealerCertificationConfiguration (businessUnitId, certificationTypeId, certificationFeatureId, featureDisplayFlag) VALUES (100150,29,209,1)
INSERT INTO settings.dealerCertificationConfiguration (businessUnitId, certificationTypeId, certificationFeatureId, featureDisplayFlag) VALUES (100150,29,211,0)
INSERT INTO settings.dealerCertificationConfiguration (businessUnitId, certificationTypeId, certificationFeatureId, featureDisplayFlag) VALUES (100150,29,210,0)
INSERT INTO settings.dealerCertificationConfiguration (businessUnitId, certificationTypeId, certificationFeatureId, featureDisplayFlag) VALUES (100150,29,212,1)
INSERT INTO settings.dealerCertificationConfiguration (businessUnitId, certificationTypeId, certificationFeatureId, featureDisplayFlag) VALUES (100150,29,213,0)
INSERT INTO settings.dealerCertificationConfiguration (businessUnitId, certificationTypeId, certificationFeatureId, featureDisplayFlag) VALUES (100150,29,214,0)
INSERT INTO settings.dealerCertificationConfiguration (businessUnitId, certificationTypeId, certificationFeatureId, featureDisplayFlag) VALUES (100150,29,268,0)
INSERT INTO settings.dealerCertificationConfiguration (businessUnitId, certificationTypeId, certificationFeatureId, featureDisplayFlag) VALUES (100150,30,215,1)
INSERT INTO settings.dealerCertificationConfiguration (businessUnitId, certificationTypeId, certificationFeatureId, featureDisplayFlag) VALUES (100150,30,216,1)
INSERT INTO settings.dealerCertificationConfiguration (businessUnitId, certificationTypeId, certificationFeatureId, featureDisplayFlag) VALUES (100150,30,218,0)
INSERT INTO settings.dealerCertificationConfiguration (businessUnitId, certificationTypeId, certificationFeatureId, featureDisplayFlag) VALUES (100150,30,217,0)
INSERT INTO settings.dealerCertificationConfiguration (businessUnitId, certificationTypeId, certificationFeatureId, featureDisplayFlag) VALUES (100150,30,222,1)
INSERT INTO settings.dealerCertificationConfiguration (businessUnitId, certificationTypeId, certificationFeatureId, featureDisplayFlag) VALUES (100150,30,219,1)
INSERT INTO settings.dealerCertificationConfiguration (businessUnitId, certificationTypeId, certificationFeatureId, featureDisplayFlag) VALUES (100150,30,220,0)
INSERT INTO settings.dealerCertificationConfiguration (businessUnitId, certificationTypeId, certificationFeatureId, featureDisplayFlag) VALUES (100150,30,221,0)
INSERT INTO settings.dealerCertificationConfiguration (businessUnitId, certificationTypeId, certificationFeatureId, featureDisplayFlag) VALUES (100150,30,269,0)
INSERT INTO settings.dealerCertificationConfiguration (businessUnitId, certificationTypeId, certificationFeatureId, featureDisplayFlag) VALUES (100150,31,223,1)
INSERT INTO settings.dealerCertificationConfiguration (businessUnitId, certificationTypeId, certificationFeatureId, featureDisplayFlag) VALUES (100150,31,230,0)
INSERT INTO settings.dealerCertificationConfiguration (businessUnitId, certificationTypeId, certificationFeatureId, featureDisplayFlag) VALUES (100150,31,224,1)
INSERT INTO settings.dealerCertificationConfiguration (businessUnitId, certificationTypeId, certificationFeatureId, featureDisplayFlag) VALUES (100150,31,226,0)
INSERT INTO settings.dealerCertificationConfiguration (businessUnitId, certificationTypeId, certificationFeatureId, featureDisplayFlag) VALUES (100150,31,225,0)
INSERT INTO settings.dealerCertificationConfiguration (businessUnitId, certificationTypeId, certificationFeatureId, featureDisplayFlag) VALUES (100150,31,227,1)
INSERT INTO settings.dealerCertificationConfiguration (businessUnitId, certificationTypeId, certificationFeatureId, featureDisplayFlag) VALUES (100150,31,228,0)
INSERT INTO settings.dealerCertificationConfiguration (businessUnitId, certificationTypeId, certificationFeatureId, featureDisplayFlag) VALUES (100150,31,229,0)
INSERT INTO settings.dealerCertificationConfiguration (businessUnitId, certificationTypeId, certificationFeatureId, featureDisplayFlag) VALUES (100150,31,270,0)

