SET IDENTITY_INSERT BusinessUnit ON

insert into dbo.BusinessUnit (BusinessUnitID, BusinessUnitTypeID, BusinessUnit, BusinessUnitShortName, BusinessUnitCode, Address1, Address2, City, State, ZipCode, OfficePhone, OfficeFax, Active) values(100135,4,'Goodson Chrysler Jeep Dodge','Goodson ChryslerJeep','GOODSONC01','16835 Katy Freeway','','Houston','TX','77094','2815795400','2817172081',0)
insert into dbo.BusinessUnit (BusinessUnitID, BusinessUnitTypeID, BusinessUnit, BusinessUnitShortName, BusinessUnitCode, Address1, Address2, City, State, ZipCode, OfficePhone, OfficeFax, Active) values(100136,4,'Goodson Honda North','Goodson Honda North','GOODSONH01','17350 North Freeway','','Houston','TX','77090','2814486331','2815795420',1)
insert into dbo.BusinessUnit (BusinessUnitID, BusinessUnitTypeID, BusinessUnit, BusinessUnitShortName, BusinessUnitCode, Address1, Address2, City, State, ZipCode, OfficePhone, OfficeFax, Active) values(100137,4,'Goodson Pontiac-GMC','Goodson Pontiac-GMC','GOODSONP01','10777 North Freeway','','Houston','TX','77037','2812602900','2814058425',0)
insert into dbo.BusinessUnit (BusinessUnitID, BusinessUnitTypeID, BusinessUnit, BusinessUnitShortName, BusinessUnitCode, Address1, Address2, City, State, ZipCode, OfficePhone, OfficeFax, Active) values(100138,4,'Goodson Honda West','Goodson Honda West','GOODSONH02','10250 Old Katy Road','','Houston','TX','77043','7134647482','7132001609',0)
insert into dbo.BusinessUnit (BusinessUnitID, BusinessUnitTypeID, BusinessUnit, BusinessUnitShortName, BusinessUnitCode, Address1, Address2, City, State, ZipCode, OfficePhone, OfficeFax, Active) values(100139,4,'Goodson Dodge West','Goodson Dodge West','GOODSOND01','15865 Katy Freeway','','Houston','TX','77094','2815561111','2816758292',0)
insert into dbo.BusinessUnit (BusinessUnitID, BusinessUnitTypeID, BusinessUnit, BusinessUnitShortName, BusinessUnitCode, Address1, Address2, City, State, ZipCode, OfficePhone, OfficeFax, Active) values(100141,4,'Goodson Dodge North','Goodson Dodge North','GOODSOND02','21027 Highway 45 North','','Spring','TX','77388','2816513600','2813538367',0)
insert into dbo.BusinessUnit (BusinessUnitID, BusinessUnitTypeID, BusinessUnit, BusinessUnitShortName, BusinessUnitCode, Address1, Address2, City, State, ZipCode, OfficePhone, OfficeFax, Active) values(100142,4,'Goodson Super Center - Used Cars','Goodson Super Center','GOODSONS01','11000 North Freeway','','Houston','TX','77037','2814456502','2814456502',0)
insert into dbo.BusinessUnit (BusinessUnitID, BusinessUnitTypeID, BusinessUnit, BusinessUnitShortName, BusinessUnitCode, Address1, Address2, City, State, ZipCode, OfficePhone, OfficeFax, Active) values(100067,3,'Goodson Auto Group','Goodson Auto Group','GOOD01','16835 Katy Freeway','','Houston','TX','77094','2815795400','2815795420',0)
insert into dbo.BusinessUnit (BusinessUnitID, BusinessUnitTypeID, BusinessUnit, BusinessUnitShortName, BusinessUnitCode, Address1, Address2, City, State, ZipCode, OfficePhone, OfficeFax, Active) values(100149,1,'United Auto Group','UAG','UAGCODE1','2555 Telegraph Road','','Bloomfield Hills','MI','48302','2486482500','2486482525',0)
insert into dbo.BusinessUnit (BusinessUnitID, BusinessUnitTypeID, BusinessUnit, BusinessUnitShortName, BusinessUnitCode, Address1, Address2, City, State, ZipCode, OfficePhone, OfficeFax, Active) values(100150,5,'FirstLook','FL','FLCODE1','815 West Van Buren Street','Suite 500','Chicago','IL','60607','3122791234','3124927086',0)

SET IDENTITY_INSERT BusinessUnit OFF

insert into dbo.BusinessUnitRelationship values(100135,100067)
insert into dbo.BusinessUnitRelationship values(100136,100067)
insert into dbo.BusinessUnitRelationship values(100137,100067)
insert into dbo.BusinessUnitRelationship values(100138,100067)
insert into dbo.BusinessUnitRelationship values(100139,100067)
insert into dbo.BusinessUnitRelationship values(100141,100067)
insert into dbo.BusinessUnitRelationship values(100142,100067)
insert into dbo.BusinessUnitRelationship values(100067,100149)
insert into dbo.BusinessUnitRelationship values(100149,100150)

insert into dbo.tbl_DealerATCAccessGroups (BusinessUnitID, AccessGroupId, AccessGroupPriceId, AccessGroupActorId, AccessGroupValue) values(100136,117,1,3,1)
insert into dbo.tbl_DealerATCAccessGroups (BusinessUnitID, AccessGroupId, AccessGroupPriceId, AccessGroupActorId, AccessGroupValue) values(100136,124,1,3,1)
insert into dbo.tbl_DealerATCAccessGroups (BusinessUnitID, AccessGroupId, AccessGroupPriceId, AccessGroupActorId, AccessGroupValue) values(100136,8,1,3,1)
insert into dbo.tbl_DealerATCAccessGroups (BusinessUnitID, AccessGroupId, AccessGroupPriceId, AccessGroupActorId, AccessGroupValue) values(100136,94,1,3,1)
insert into dbo.tbl_DealerATCAccessGroups (BusinessUnitID, AccessGroupId, AccessGroupPriceId, AccessGroupActorId, AccessGroupValue) values(100136,9,1,3,1)
insert into dbo.tbl_DealerATCAccessGroups (BusinessUnitID, AccessGroupId, AccessGroupPriceId, AccessGroupActorId, AccessGroupValue) values(100136,121,1,3,1)
insert into dbo.tbl_DealerATCAccessGroups (BusinessUnitID, AccessGroupId, AccessGroupPriceId, AccessGroupActorId, AccessGroupValue) values(100141,8,1,3,1)
insert into dbo.tbl_DealerATCAccessGroups (BusinessUnitID, AccessGroupId, AccessGroupPriceId, AccessGroupActorId, AccessGroupValue) values(100141,9,1,3,1)
insert into dbo.tbl_DealerATCAccessGroups (BusinessUnitID, AccessGroupId, AccessGroupPriceId, AccessGroupActorId, AccessGroupValue) values(100141,121,1,3,1)
insert into dbo.tbl_DealerATCAccessGroups (BusinessUnitID, AccessGroupId, AccessGroupPriceId, AccessGroupActorId, AccessGroupValue) values(100141,94,1,3,1)
insert into dbo.tbl_DealerATCAccessGroups (BusinessUnitID, AccessGroupId, AccessGroupPriceId, AccessGroupActorId, AccessGroupValue) values(100141,125,1,3,1)
insert into dbo.tbl_DealerATCAccessGroups (BusinessUnitID, AccessGroupId, AccessGroupPriceId, AccessGroupActorId, AccessGroupValue) values(100141,47,1,3,1)
insert into dbo.tbl_DealerATCAccessGroups (BusinessUnitID, AccessGroupId, AccessGroupPriceId, AccessGroupActorId, AccessGroupValue) values(100141,120,1,3,1)


SET IDENTITY_INSERT tbl_Vehicle ON

insert into dbo.tbl_Vehicle (VehicleID,Vin,VehicleYear,MakeModelGroupingID,VehicleTrim,VehicleBodyStyleID,VehicleEngine,VehicleDriveTrain,VehicleTransmission,BaseColor,FuelType,CreateDt,Audit_ID) values(11874,'JHMCG5642XC017664',1999,102097,'LX',7,'2.3L I4','FWD','4 Speed Automatic','GREEN','G','2004-01-04 00:00:00',3361926)
insert into dbo.tbl_Vehicle (VehicleID,Vin,VehicleYear,MakeModelGroupingID,VehicleTrim,VehicleBodyStyleID,VehicleEngine,VehicleDriveTrain,VehicleTransmission,BaseColor,FuelType,CreateDt,Audit_ID) values(21503,'1J4G258S0XC633774',1999,102176,'LAREDO',7,'4L I6','RWD','4 Speed Automatic','SILVER','G','2004-01-04 00:00:00',3241187)
insert into dbo.tbl_Vehicle (VehicleID,Vin,VehicleYear,MakeModelGroupingID,VehicleTrim,VehicleBodyStyleID,VehicleEngine,VehicleDriveTrain,VehicleTransmission,BaseColor,FuelType,CreateDt,Audit_ID) values(34499,'1J4GX48S71C663261',2001,102176,'LAREDO',7,'4L I6','RWD','4 Speed Automatic','UNKNOWN','G','2004-01-14 07:16:00',1925941)
insert into dbo.tbl_Vehicle (VehicleID,Vin,VehicleYear,MakeModelGroupingID,VehicleTrim,VehicleBodyStyleID,VehicleEngine,VehicleDriveTrain,VehicleTransmission,BaseColor,FuelType,CreateDt,Audit_ID) values(199951,'2HKYF18653H573337',2003,102110,'EX',7,'3.5L V6','AWD','5 Speed Automatic','BLACK','G','2004-07-06 17:30:00',3287806)
insert into dbo.tbl_Vehicle (VehicleID,Vin,VehicleYear,MakeModelGroupingID,VehicleTrim,VehicleBodyStyleID,VehicleEngine,VehicleDriveTrain,VehicleTransmission,BaseColor,FuelType,CreateDt,Audit_ID) values(440853,'2HKYF18513H617020',2003,102110,'EX',7,'3.5L V6','AWD','5 Speed Automatic','TAN','G','2004-09-30 07:17:00',3287813)
insert into dbo.tbl_Vehicle (VehicleID,Vin,VehicleYear,MakeModelGroupingID,VehicleTrim,VehicleBodyStyleID,VehicleEngine,VehicleDriveTrain,VehicleTransmission,BaseColor,FuelType,CreateDt,Audit_ID) values(488233,'2HGES26711H584424',2001,102101,'EX',7,'1.7L I4','FWD','4 Speed Automatic','GREEN','G','2004-10-15 07:17:00',3269758)
insert into dbo.tbl_Vehicle (VehicleID,Vin,VehicleYear,MakeModelGroupingID,VehicleTrim,VehicleBodyStyleID,VehicleEngine,VehicleDriveTrain,VehicleTransmission,BaseColor,FuelType,CreateDt,Audit_ID) values(488984,'1J4GX48S33C562284',2003,102176,'LAREDO',7,'4.0L I6','RWD','4 Speed Automatic','GRAY','G','2004-10-18 07:17:00',2822436)
insert into dbo.tbl_Vehicle (VehicleID,Vin,VehicleYear,MakeModelGroupingID,VehicleTrim,VehicleBodyStyleID,VehicleEngine,VehicleDriveTrain,VehicleTransmission,BaseColor,FuelType,CreateDt,Audit_ID) values(492919,'1HGCG1657YA101027',2000,102097,'EX V6',7,'3.0L V6','FWD','4 Speed Automatic','WHITE','G','2004-10-20 07:17:00',3269755)
insert into dbo.tbl_Vehicle (VehicleID,Vin,VehicleYear,MakeModelGroupingID,VehicleTrim,VehicleBodyStyleID,VehicleEngine,VehicleDriveTrain,VehicleTransmission,BaseColor,FuelType,CreateDt,Audit_ID) values(537620,'1HGES16642L067253',2002,102101,'LX',7,'1.7L I4','FWD','4 Speed Automatic','PURPLE','G','2004-11-02 07:16:00',3287804)
insert into dbo.tbl_Vehicle (VehicleID,Vin,VehicleYear,MakeModelGroupingID,VehicleTrim,VehicleBodyStyleID,VehicleEngine,VehicleDriveTrain,VehicleTransmission,BaseColor,FuelType,CreateDt,Audit_ID) values(553829,'1HGES267X2L015172',2002,102101,'EX',7,'1.7L I4','FWD','4 Speed Automatic','PURPLE','G','2004-11-10 07:16:00',3269766)
insert into dbo.tbl_Vehicle (VehicleID,Vin,VehicleYear,MakeModelGroupingID,VehicleTrim,VehicleBodyStyleID,VehicleEngine,VehicleDriveTrain,VehicleTransmission,BaseColor,FuelType,CreateDt,Audit_ID) values(564461,'1J4GX48N92C110378',2002,102176,'LAREDO',7,'4.7L V8','RWD','5 Speed Automatic','BLACK','G','2004-11-15 07:16:00',2822430)
insert into dbo.tbl_Vehicle (VehicleID,Vin,VehicleYear,MakeModelGroupingID,VehicleTrim,VehicleBodyStyleID,VehicleEngine,VehicleDriveTrain,VehicleTransmission,BaseColor,FuelType,CreateDt,Audit_ID) values(576521,'1N6DD26T73C416713',2003,102367,'KING CAB XE',12,'2.4L I4','RWD','','PURPLE','G','2004-11-19 07:17:00',3361946)
insert into dbo.tbl_Vehicle (VehicleID,Vin,VehicleYear,MakeModelGroupingID,VehicleTrim,VehicleBodyStyleID,VehicleEngine,VehicleDriveTrain,VehicleTransmission,BaseColor,FuelType,CreateDt,Audit_ID) values(591756,'2HGES16511H576428',2001,102101,'LX',7,'1.7L I4','FWD','4 Speed Automatic','GOLD','G','2004-11-25 07:15:00',3324926)
insert into dbo.tbl_Vehicle (VehicleID,Vin,VehicleYear,MakeModelGroupingID,VehicleTrim,VehicleBodyStyleID,VehicleEngine,VehicleDriveTrain,VehicleTransmission,BaseColor,FuelType,CreateDt,Audit_ID) values(598978,'1J4GX48SX3C617975',2003,102176,'LAREDO',7,'4.0L I6','RWD','4 Speed Automatic','GRAY','G','2004-12-02 07:26:00',3361961)
insert into dbo.tbl_Vehicle (VehicleID,Vin,VehicleYear,MakeModelGroupingID,VehicleTrim,VehicleBodyStyleID,VehicleEngine,VehicleDriveTrain,VehicleTransmission,BaseColor,FuelType,CreateDt,Audit_ID) values(605582,'1HGES16522L020505',2002,102101,'LX',7,'1.7L I4','FWD','4 Speed Automatic','SILVER','G','2004-12-06 07:34:00',3361933)
insert into dbo.tbl_Vehicle (VehicleID,Vin,VehicleYear,MakeModelGroupingID,VehicleTrim,VehicleBodyStyleID,VehicleEngine,VehicleDriveTrain,VehicleTransmission,BaseColor,FuelType,CreateDt,Audit_ID) values(33824,'1HGCG22512A012105',2002,102096,'EX V-6',5,'3L V6','FWD','4 Speed Automatic','GREEN','G','2004-01-04 00:00:00',3269771)
insert into dbo.tbl_Vehicle (VehicleID,Vin,VehicleYear,MakeModelGroupingID,VehicleTrim,VehicleBodyStyleID,VehicleEngine,VehicleDriveTrain,VehicleTransmission,BaseColor,FuelType,CreateDt,Audit_ID) values(216580,'1HGCG22511A018694',2001,102096,'EX V6',5,'3.0L V6','FWD','4 Speed Automatic','RED','G','2004-07-21 14:21:00',3269777)
insert into dbo.tbl_Vehicle (VehicleID,Vin,VehicleYear,MakeModelGroupingID,VehicleTrim,VehicleBodyStyleID,VehicleEngine,VehicleDriveTrain,VehicleTransmission,BaseColor,FuelType,CreateDt,Audit_ID) values(426705,'1HGCG22592A003507',2002,102096,'EX V-6',5,'3.0L V6','FWD','4 Speed Automatic','BLACK','G','2004-09-15 07:16:00',3269770)
insert into dbo.tbl_Vehicle (VehicleID,Vin,VehicleYear,MakeModelGroupingID,VehicleTrim,VehicleBodyStyleID,VehicleEngine,VehicleDriveTrain,VehicleTransmission,BaseColor,FuelType,CreateDt,Audit_ID) values(426706,'1HGCG32731A028909',2001,102096,'EX',5,'2.3L I4','FWD','4 Speed Automatic','GREEN','G','2004-09-15 07:16:00',3269781)
insert into dbo.tbl_Vehicle (VehicleID,Vin,VehicleYear,MakeModelGroupingID,VehicleTrim,VehicleBodyStyleID,VehicleEngine,VehicleDriveTrain,VehicleTransmission,BaseColor,FuelType,CreateDt,Audit_ID) values(488974,'1HGCG22572A030902',2002,102096,'EX V-6',5,'3.0L V6','FWD','4 Speed Automatic','SILVER','G','2004-10-18 07:17:00',3221934)
insert into dbo.tbl_Vehicle (VehicleID,Vin,VehicleYear,MakeModelGroupingID,VehicleTrim,VehicleBodyStyleID,VehicleEngine,VehicleDriveTrain,VehicleTransmission,BaseColor,FuelType,CreateDt,Audit_ID) values(548326,'1HGCG322X2A001907',2002,102096,'SE',5,'2.3L I4','FWD','4 Speed Automatic','WHITE','G','2004-11-05 07:16:00',3221950)
insert into dbo.tbl_Vehicle (VehicleID,Vin,VehicleYear,MakeModelGroupingID,VehicleTrim,VehicleBodyStyleID,VehicleEngine,VehicleDriveTrain,VehicleTransmission,BaseColor,FuelType,CreateDt,Audit_ID) values(553811,'1HGCG32592A014626',2002,102096,'EX',5,'2.3L I4','FWD','4 Speed Automatic','RED','G','2004-11-10 07:16:00',3275493)
insert into dbo.tbl_Vehicle (VehicleID,Vin,VehicleYear,MakeModelGroupingID,VehicleTrim,VehicleBodyStyleID,VehicleEngine,VehicleDriveTrain,VehicleTransmission,BaseColor,FuelType,CreateDt,Audit_ID) values(598954,'1HGCG22502A027422',2002,102096,'EX V-6',5,'3.0L V6','FWD','4 Speed Automatic','SILVER','G','2004-12-02 07:26:00',3221974)

SET IDENTITY_INSERT tbl_Vehicle OFF

SET IDENTITY_INSERT Inventory ON

insert into dbo.Inventory (InventoryID,StockNumber,BusinessUnitID,VehicleID,InventoryActive,InventoryReceivedDate,DeleteDt,ModifiedDT,DMSReferenceDt,UnitCost,AcquisitionPrice,Pack,MileageReceived,TradeOrPurchase,ListPrice,InitialVehicleLight,Level4Analysis,InventoryType,ReconditionCost,UsedSellingPrice,Certified,VehicleLocation,CurrentVehicleLight,FLRecFollowed,Audit_ID,InventoryStatusCD,ListPriceLock,SpecialFinance) values(21670,'1C663261',100135,34499,1,'2004-06-02 00:00:00','','2004-04-08 06:03:00','2005-05-04 12:09:00',13128.68,.00,.00,45923,1,16995.00,3,'',2,.00,16995.00,0,'',3,1,0,0,0,'')
insert into dbo.Inventory (InventoryID,StockNumber,BusinessUnitID,VehicleID,InventoryActive,InventoryReceivedDate,DeleteDt,ModifiedDT,DMSReferenceDt,UnitCost,AcquisitionPrice,Pack,MileageReceived,TradeOrPurchase,ListPrice,InitialVehicleLight,Level4Analysis,InventoryType,ReconditionCost,UsedSellingPrice,Certified,VehicleLocation,CurrentVehicleLight,FLRecFollowed,Audit_ID,InventoryStatusCD,ListPriceLock,SpecialFinance) values(1118824,'1H584424',100138,488233,1,'2005-03-04 00:00:00','','2004-12-06 06:21:00','2005-05-04 12:09:00',11196.46,.00,.00,51577,2,14995.00,3,'',2,.00,14995.00,0,'',3,1,3269758,0,0,'')
insert into dbo.Inventory (InventoryID,StockNumber,BusinessUnitID,VehicleID,InventoryActive,InventoryReceivedDate,DeleteDt,ModifiedDT,DMSReferenceDt,UnitCost,AcquisitionPrice,Pack,MileageReceived,TradeOrPurchase,ListPrice,InitialVehicleLight,Level4Analysis,InventoryType,ReconditionCost,UsedSellingPrice,Certified,VehicleLocation,CurrentVehicleLight,FLRecFollowed,Audit_ID,InventoryStatusCD,ListPriceLock,SpecialFinance) values(1119606,'3C562284',100141,488984,1,'2005-03-01 00:00:00','','2004-11-19 06:21:00','2005-05-04 12:09:00',14912.01,.00,.00,30948,1,18700.00,3,'',2,.00,18700.00,0,'',3,1,2945195,0,0,'')
insert into dbo.Inventory (InventoryID,StockNumber,BusinessUnitID,VehicleID,InventoryActive,InventoryReceivedDate,DeleteDt,ModifiedDT,DMSReferenceDt,UnitCost,AcquisitionPrice,Pack,MileageReceived,TradeOrPurchase,ListPrice,InitialVehicleLight,Level4Analysis,InventoryType,ReconditionCost,UsedSellingPrice,Certified,VehicleLocation,CurrentVehicleLight,FLRecFollowed,Audit_ID,InventoryStatusCD,ListPriceLock,SpecialFinance) values(1124494,'YA101027',100138,492919,1,'2005-03-04 00:00:00','','2004-12-06 06:21:00','2005-05-04 12:09:00',11918.00,.00,.00,64027,2,16995.00,3,'',2,.00,16995.00,0,'',3,1,3269755,0,0,'')
insert into dbo.Inventory (InventoryID,StockNumber,BusinessUnitID,VehicleID,InventoryActive,InventoryReceivedDate,DeleteDt,ModifiedDT,DMSReferenceDt,UnitCost,AcquisitionPrice,Pack,MileageReceived,TradeOrPurchase,ListPrice,InitialVehicleLight,Level4Analysis,InventoryType,ReconditionCost,UsedSellingPrice,Certified,VehicleLocation,CurrentVehicleLight,FLRecFollowed,Audit_ID,InventoryStatusCD,ListPriceLock,SpecialFinance) values(1173151,'2L067253',100138,537620,1,'2005-03-24 00:00:00','','2004-12-08 06:21:00','2005-05-04 12:09:00',12328.50,.00,.00,27688,1,15995.00,3,'',2,.00,15995.00,0,'',3,1,3287804,0,0,'')
insert into dbo.Inventory (InventoryID,StockNumber,BusinessUnitID,VehicleID,InventoryActive,InventoryReceivedDate,DeleteDt,ModifiedDT,DMSReferenceDt,UnitCost,AcquisitionPrice,Pack,MileageReceived,TradeOrPurchase,ListPrice,InitialVehicleLight,Level4Analysis,InventoryType,ReconditionCost,UsedSellingPrice,Certified,VehicleLocation,CurrentVehicleLight,FLRecFollowed,Audit_ID,InventoryStatusCD,ListPriceLock,SpecialFinance) values(1192030,'2L015172',100138,553829,1,'2005-04-01 00:00:00','','2004-12-06 06:21:00','2005-05-04 12:09:00',13586.41,.00,.00,38023,1,16995.00,3,'',2,.00,16995.00,0,'',3,1,3269766,0,0,'')
insert into dbo.Inventory (InventoryID,StockNumber,BusinessUnitID,VehicleID,InventoryActive,InventoryReceivedDate,DeleteDt,ModifiedDT,DMSReferenceDt,UnitCost,AcquisitionPrice,Pack,MileageReceived,TradeOrPurchase,ListPrice,InitialVehicleLight,Level4Analysis,InventoryType,ReconditionCost,UsedSellingPrice,Certified,VehicleLocation,CurrentVehicleLight,FLRecFollowed,Audit_ID,InventoryStatusCD,ListPriceLock,SpecialFinance) values(1199420,'AH573337',100138,199951,1,'2005-04-02 00:00:00','','2004-12-08 06:21:00','2005-05-04 12:09:00',26935.00,.00,.00,23893,1,.00,3,'',2,.00,.00,0,'',3,1,3287806,0,0,'')
insert into dbo.Inventory (InventoryID,StockNumber,BusinessUnitID,VehicleID,InventoryActive,InventoryReceivedDate,DeleteDt,ModifiedDT,DMSReferenceDt,UnitCost,AcquisitionPrice,Pack,MileageReceived,TradeOrPurchase,ListPrice,InitialVehicleLight,Level4Analysis,InventoryType,ReconditionCost,UsedSellingPrice,Certified,VehicleLocation,CurrentVehicleLight,FLRecFollowed,Audit_ID,InventoryStatusCD,ListPriceLock,SpecialFinance) values(1202804,'2C110378',100141,564461,1,'2005-04-01 00:00:00','','2004-11-15 06:22:00','2005-05-04 12:09:00',10550.00,.00,.00,71605,2,15000.00,2,'High Mileage',2,.00,15000.00,0,'',2,1,2822430,0,0,'')
insert into dbo.Inventory (InventoryID,StockNumber,BusinessUnitID,VehicleID,InventoryActive,InventoryReceivedDate,DeleteDt,ModifiedDT,DMSReferenceDt,UnitCost,AcquisitionPrice,Pack,MileageReceived,TradeOrPurchase,ListPrice,InitialVehicleLight,Level4Analysis,InventoryType,ReconditionCost,UsedSellingPrice,Certified,VehicleLocation,CurrentVehicleLight,FLRecFollowed,Audit_ID,InventoryStatusCD,ListPriceLock,SpecialFinance) values(1215348,'3C416713',100141,576521,1,'2005-04-08 00:00:00','','2004-12-10 06:21:00','2005-05-04 12:09:00',11866.16,.00,.00,34493,1,15900.00,3,'',2,.00,15900.00,0,'',2,1,3361946,0,0,'')
insert into dbo.Inventory (InventoryID,StockNumber,BusinessUnitID,VehicleID,InventoryActive,InventoryReceivedDate,DeleteDt,ModifiedDT,DMSReferenceDt,UnitCost,AcquisitionPrice,Pack,MileageReceived,TradeOrPurchase,ListPrice,InitialVehicleLight,Level4Analysis,InventoryType,ReconditionCost,UsedSellingPrice,Certified,VehicleLocation,CurrentVehicleLight,FLRecFollowed,Audit_ID,InventoryStatusCD,ListPriceLock,SpecialFinance) values(1230895,'1H576428',100138,591756,1,'2005-04-13 00:00:00','','2004-12-09 06:21:00','2005-05-04 12:09:00',6956.42,.00,.00,83400,2,11995.00,2,'High Mileage',2,.00,11995.00,0,'',2,1,3324926,0,0,'')
insert into dbo.Inventory (InventoryID,StockNumber,BusinessUnitID,VehicleID,InventoryActive,InventoryReceivedDate,DeleteDt,ModifiedDT,DMSReferenceDt,UnitCost,AcquisitionPrice,Pack,MileageReceived,TradeOrPurchase,ListPrice,InitialVehicleLight,Level4Analysis,InventoryType,ReconditionCost,UsedSellingPrice,Certified,VehicleLocation,CurrentVehicleLight,FLRecFollowed,Audit_ID,InventoryStatusCD,ListPriceLock,SpecialFinance) values(1237443,'BC017664',100138,11874,1,'2005-04-22 00:00:00','','2004-12-10 06:21:00','2005-05-04 12:09:00',6550.00,.00,.00,99878,2,11995.00,2,'High Mileage',2,.00,11995.00,0,'',2,1,3361926,0,0,'')
insert into dbo.Inventory (InventoryID,StockNumber,BusinessUnitID,VehicleID,InventoryActive,InventoryReceivedDate,DeleteDt,ModifiedDT,DMSReferenceDt,UnitCost,AcquisitionPrice,Pack,MileageReceived,TradeOrPurchase,ListPrice,InitialVehicleLight,Level4Analysis,InventoryType,ReconditionCost,UsedSellingPrice,Certified,VehicleLocation,CurrentVehicleLight,FLRecFollowed,Audit_ID,InventoryStatusCD,ListPriceLock,SpecialFinance) values(1238408,'XC633774',100138,21503,1,'2005-04-23 00:00:00','','2004-12-03 06:21:00','2005-05-04 12:09:00',8350.00,.00,.00,81150,2,.00,2,'High Mileage',2,.00,.00,0,'',2,1,3241187,0,0,'')
insert into dbo.Inventory (InventoryID,StockNumber,BusinessUnitID,VehicleID,InventoryActive,InventoryReceivedDate,DeleteDt,ModifiedDT,DMSReferenceDt,UnitCost,AcquisitionPrice,Pack,MileageReceived,TradeOrPurchase,ListPrice,InitialVehicleLight,Level4Analysis,InventoryType,ReconditionCost,UsedSellingPrice,Certified,VehicleLocation,CurrentVehicleLight,FLRecFollowed,Audit_ID,InventoryStatusCD,ListPriceLock,SpecialFinance) values(1238585,'3C617975',100141,598978,1,'2005-04-20 00:00:00','','2004-12-10 06:21:00','2005-05-04 12:09:00',13800.55,.00,.00,36663,2,18000.00,2,'',2,.00,18000.00,0,'',3,1,3361961,0,0,'')
insert into dbo.Inventory (InventoryID,StockNumber,BusinessUnitID,VehicleID,InventoryActive,InventoryReceivedDate,DeleteDt,ModifiedDT,DMSReferenceDt,UnitCost,AcquisitionPrice,Pack,MileageReceived,TradeOrPurchase,ListPrice,InitialVehicleLight,Level4Analysis,InventoryType,ReconditionCost,UsedSellingPrice,Certified,VehicleLocation,CurrentVehicleLight,FLRecFollowed,Audit_ID,InventoryStatusCD,ListPriceLock,SpecialFinance) values(1245364,'3H617020',100138,440853,1,'2005-04-25 00:00:00','','2004-12-08 06:21:00','2005-05-04 12:09:00',26350.00,.00,.00,22889,1,30995.00,3,'',2,.00,30995.00,0,'',3,0,3287813,0,0,'')
insert into dbo.Inventory (InventoryID,StockNumber,BusinessUnitID,VehicleID,InventoryActive,InventoryReceivedDate,DeleteDt,ModifiedDT,DMSReferenceDt,UnitCost,AcquisitionPrice,Pack,MileageReceived,TradeOrPurchase,ListPrice,InitialVehicleLight,Level4Analysis,InventoryType,ReconditionCost,UsedSellingPrice,Certified,VehicleLocation,CurrentVehicleLight,FLRecFollowed,Audit_ID,InventoryStatusCD,ListPriceLock,SpecialFinance) values(1245398,'2L020505',100138,605582,1,'2005-04-25 00:00:00','','2004-12-10 06:21:00','2005-05-04 12:09:00',10862.93,.00,.00,43239,1,15995.00,3,'',2,.00,15995.00,0,'',3,0,3361933,0,0,'')
insert into dbo.Inventory (InventoryID,StockNumber,BusinessUnitID,VehicleID,InventoryActive,InventoryReceivedDate,DeleteDt,ModifiedDT,DMSReferenceDt,UnitCost,AcquisitionPrice,Pack,MileageReceived,TradeOrPurchase,ListPrice,InitialVehicleLight,Level4Analysis,InventoryType,ReconditionCost,UsedSellingPrice,Certified,VehicleLocation,CurrentVehicleLight,FLRecFollowed,Audit_ID,InventoryStatusCD,ListPriceLock,SpecialFinance) values(1245347,'BA012105',100138,33824,1,'2005-04-26 00:00:00','','2004-12-06 06:21:00','2005-05-05 11:10:00',17200.00,.00,.00,27507,1,21995.00,3,'',2,.00,21995.00,0,'',3,0,3269771,0,0,'')
insert into dbo.Inventory (InventoryID,StockNumber,BusinessUnitID,VehicleID,InventoryActive,InventoryReceivedDate,DeleteDt,ModifiedDT,DMSReferenceDt,UnitCost,AcquisitionPrice,Pack,MileageReceived,TradeOrPurchase,ListPrice,InitialVehicleLight,Level4Analysis,InventoryType,ReconditionCost,UsedSellingPrice,Certified,VehicleLocation,CurrentVehicleLight,FLRecFollowed,Audit_ID,InventoryStatusCD,ListPriceLock,SpecialFinance) values(1245354,'AA018694',100138,216580,1,'2005-04-26 00:00:00','','2004-12-06 06:21:00','2005-05-05 11:10:00',15100.00,.00,.00,43213,1,19995.00,3,'',2,.00,19995.00,0,'',3,0,3269777,0,0,'')
insert into dbo.Inventory (InventoryID,StockNumber,BusinessUnitID,VehicleID,InventoryActive,InventoryReceivedDate,DeleteDt,ModifiedDT,DMSReferenceDt,UnitCost,AcquisitionPrice,Pack,MileageReceived,TradeOrPurchase,ListPrice,InitialVehicleLight,Level4Analysis,InventoryType,ReconditionCost,UsedSellingPrice,Certified,VehicleLocation,CurrentVehicleLight,FLRecFollowed,Audit_ID,InventoryStatusCD,ListPriceLock,SpecialFinance) values(1245360,'2A003507',100138,426705,1,'2005-04-26 00:00:00','','2004-12-06 06:21:00','2005-05-05 11:10:00',17025.00,.00,.00,33866,1,21995.00,3,'',2,.00,21995.00,0,'',3,0,3269770,0,0,'')
insert into dbo.Inventory (InventoryID,StockNumber,BusinessUnitID,VehicleID,InventoryActive,InventoryReceivedDate,DeleteDt,ModifiedDT,DMSReferenceDt,UnitCost,AcquisitionPrice,Pack,MileageReceived,TradeOrPurchase,ListPrice,InitialVehicleLight,Level4Analysis,InventoryType,ReconditionCost,UsedSellingPrice,Certified,VehicleLocation,CurrentVehicleLight,FLRecFollowed,Audit_ID,InventoryStatusCD,ListPriceLock,SpecialFinance) values(1245361,'1A028909',100138,426706,1,'2005-04-26 00:00:00','','2004-12-06 06:21:00','2005-05-05 11:10:00',13825.00,.00,.00,29195,1,18995.00,3,'',2,.00,18995.00,0,'',3,0,3269781,0,0,'')
insert into dbo.Inventory (InventoryID,StockNumber,BusinessUnitID,VehicleID,InventoryActive,InventoryReceivedDate,DeleteDt,ModifiedDT,DMSReferenceDt,UnitCost,AcquisitionPrice,Pack,MileageReceived,TradeOrPurchase,ListPrice,InitialVehicleLight,Level4Analysis,InventoryType,ReconditionCost,UsedSellingPrice,Certified,VehicleLocation,CurrentVehicleLight,FLRecFollowed,Audit_ID,InventoryStatusCD,ListPriceLock,SpecialFinance) values(1119597,'2A030902',100138,488974,1,'2005-04-06 00:00:00','','2004-12-02 06:21:00','2005-05-05 11:10:00',17071.34,.00,.00,44723,1,20995.00,3,'',2,.00,20995.00,0,'',3,1,3221934,0,0,'')
insert into dbo.Inventory (InventoryID,StockNumber,BusinessUnitID,VehicleID,InventoryActive,InventoryReceivedDate,DeleteDt,ModifiedDT,DMSReferenceDt,UnitCost,AcquisitionPrice,Pack,MileageReceived,TradeOrPurchase,ListPrice,InitialVehicleLight,Level4Analysis,InventoryType,ReconditionCost,UsedSellingPrice,Certified,VehicleLocation,CurrentVehicleLight,FLRecFollowed,Audit_ID,InventoryStatusCD,ListPriceLock,SpecialFinance) values(1184741,'2A001907',100138,548326,1,'2005-03-26 00:00:00','','2004-12-02 06:21:00','2005-05-05 11:10:00',14589.43,.00,.00,35171,1,18995.00,3,'',2,.00,18995.00,0,'',3,1,3221950,0,0,'')
insert into dbo.Inventory (InventoryID,StockNumber,BusinessUnitID,VehicleID,InventoryActive,InventoryReceivedDate,DeleteDt,ModifiedDT,DMSReferenceDt,UnitCost,AcquisitionPrice,Pack,MileageReceived,TradeOrPurchase,ListPrice,InitialVehicleLight,Level4Analysis,InventoryType,ReconditionCost,UsedSellingPrice,Certified,VehicleLocation,CurrentVehicleLight,FLRecFollowed,Audit_ID,InventoryStatusCD,ListPriceLock,SpecialFinance) values(1192013,'2A014626',100138,553811,1,'2005-04-02 00:00:00','','2004-12-07 06:21:00','2005-05-05 11:10:00',14001.09,.00,.00,46851,1,18995.00,3,'',2,.00,18995.00,0,'',3,1,3275493,0,0,'')
insert into dbo.Inventory (InventoryID,StockNumber,BusinessUnitID,VehicleID,InventoryActive,InventoryReceivedDate,DeleteDt,ModifiedDT,DMSReferenceDt,UnitCost,AcquisitionPrice,Pack,MileageReceived,TradeOrPurchase,ListPrice,InitialVehicleLight,Level4Analysis,InventoryType,ReconditionCost,UsedSellingPrice,Certified,VehicleLocation,CurrentVehicleLight,FLRecFollowed,Audit_ID,InventoryStatusCD,ListPriceLock,SpecialFinance) values(1238565,'AA027422',100138,598954,1,'2005-04-25 00:00:00','','2004-12-02 06:21:00','2005-05-05 11:10:00',13050.00,.00,.00,35290,2,17995.00,3,'',2,.00,17995.00,0,'',3,1,3221974,0,0,'')

SET IDENTITY_INSERT Inventory OFF
